target_code;target_content;NACE_level1;NACE_level1_extra1;NACE_level1_extra2;NACE_level2;NACE_level2_extra1;NACE_level2_extra2;NACE_level_3;NACE_level_3_extra1;NACE_level_3_extra2;justification;confidence_score
TA2.1;Renewable hydrogen will be key to replace natural gas, coal and oil in hard-to-decarbonise industries and transport. REPowerEU sets a target of 10 million tonnes of domestic renewable hydrogen production and 10 million tonnes of renewable hydrogen imports by 2030;D - Electricity, Gas, Steam and Air Conditioning Supply;H - Transportation and Storage;C - Manufacturing;D35 - Electricity, gas, steam and air conditioning supply;H50 - Water transport;C20 - Manufacture of chemicals and chemical products;D35.1 - Electric power generation, transmission and distribution;H50.4 - Inland freight water transport;C20.2 - Manufacture of pesticides and other agrochemical products;The target is related to the production and import of renewable hydrogen, which is linked to the energy sector, transportation, and manufacturing.;8
TA2.10;Member States shall set an indicative target for innovative renewable energy technology of at least 5 % of newly installed renewable energy capacity by 2030;J - Information and Communication;D - Electricity, Gas, Steam and Air Conditioning Supply;K - Financial and Insurance Activities;J61 - Telecommunications;D35 - Electricity, gas, steam and air conditioning supply;K64 - Financial service activities, except insurance and pension funding;J61.1 - Wired telecommunications activities;D35.1 - Electric power generation, transmission and distribution;K64.1 - Monetary intermediation;The target is related to innovative renewable energy technology, which involves information and communication, energy, and financial services.;7
TA2.11;By 31 December 2025, each Member State shall agree to establish a framework for cooperation on joint projects with one or more other Member States for the production of renewable energy;D - Electricity, Gas, Steam and Air Conditioning Supply;J - Information and Communication;K - Financial and Insurance Activities;D35 - Electricity, gas, steam and air conditioning supply;J61 - Telecommunications;K64 - Financial service activities, except insurance and pension funding;D35.1 - Electric power generation, transmission and distribution;J61.1 - Wired telecommunications activities;K64.1 - Monetary intermediation;The target involves cooperation on joint projects for renewable energy production, which is linked to the energy sector, information and communication, and financial services.;8
TA2.12;Member States shall endeavour to increase the share of renewable sources in the amount of energy sources used for final energy and non-energy purposes in the industry sector;C - Manufacturing;D - Electricity, Gas, Steam and Air Conditioning Supply;H - Transportation and Storage;C20 - Manufacture of chemicals and chemical products;D35 - Electricity, gas, steam and air conditioning supply;H50 - Water transport;C20.2 - Manufacture of pesticides and other agrochemical products;D35.1 - Electric power generation, transmission and distribution;H50.4 - Inland freight water transport;The target is related to increasing the share of renewable sources in the industry sector, which involves manufacturing, energy, and transportation.;8
TA2.13;Each Member State shall set an obligation on fuel suppliers to ensure that the amount of renewable fuels and renewable electricity supplied to the transport sector;H - Transportation and Storage;D - Electricity, Gas, Steam and Air Conditioning Supply;C - Manufacturing;H50 - Water transport;D35 - Electricity, gas, steam and air conditioning supply;C20 - Manufacture of chemicals and chemical products;H50.4 - Inland freight water transport;D35.1 - Electric power generation, transmission and distribution;C20.2 - Manufacture of pesticides and other agrochemical products;The target involves fuel suppliers and the transport sector, which is linked to transportation, energy, and manufacturing.;8
TA2.14;Member States shall endeavour to increase the share of energy from renewable sources and from waste heat and cold in district heating and cooling;D - Electricity, Gas, Steam and Air Conditioning Supply;C - Manufacturing;H - Transportation and Storage;D35 - Electricity, gas, steam and air conditioning supply;C20 - Manufacture of chemicals and chemical products;H50 - Water transport;D35.1 - Electric power generation, transmission and distribution;C20.2 - Manufacture of pesticides and other agrochemical products;H50.4 - Inland freight water transport;The target is related to increasing the share of renewable energy in district heating and cooling, which involves energy, manufacturing, and transportation.;8
TA2.15;By 2022 achieve 18% of the total increase in the share of energy from renewable sources;D - Electricity, Gas, Steam and Air Conditioning Supply;J - Information and Communication;K - Financial and Insurance Activities;D35 - Electricity, gas, steam and air conditioning supply;J61 - Telecommunications;K64 - Financial service activities, except insurance and pension funding;D35.1 - Electric power generation, transmission and distribution;J61.1 - Wired telecommunications activities;K64.1 - Monetary intermediation;The target involves achieving a certain percentage of the total increase in renewable energy, which is linked to the energy sector, information and communication, and financial services.;7
TA2.16;Each Member State shall increase the share of renewable energy in the heating and cooling sector;D - Electricity, Gas, Steam and Air Conditioning Supply;C - Manufacturing;H - Transportation and Storage;D35 - Electricity, gas, steam and air conditioning supply;C20 - Manufacture of chemicals and chemical products;H50 - Water transport;D35.1 - Electric power generation, transmission and distribution;C20.2 - Manufacture of pesticides and other agrochemical products;H50.4 - Inland freight water transport;The target is related to increasing the share of renewable energy in the heating and cooling sector, which involves energy, manufacturing, and transportation.;8
TA2.17;The Union’s 2030 targets for energy and climate;D - Electricity, Gas, Steam and Air Conditioning Supply;J - Information and Communication;K - Financial and Insurance Activities;D35 - Electricity, gas, steam and air conditioning supply;J61 - Telecommunications;K64 - Financial service activities, except insurance and pension funding;D35.1 - Electric power generation, transmission and distribution;J61.1 - Wired telecommunications activities;K64.1 - Monetary intermediation;The target involves the Union's 2030 targets for energy and climate, which is linked to the energy sector, information and communication, and financial services.;7
TA2.18;Member States shall determine an indicative national share of renewable energy produced on-site or nearby;D - Electricity, Gas, Steam and Air Conditioning Supply;C - Manufacturing;H - Transportation and Storage;D35 - Electricity, gas, steam and air conditioning supply;C20 - Manufacture of chemicals and chemical products;H50 - Water transport;D35.1 - Electric power generation, transmission and distribution;C20.2 - Manufacture of pesticides and other agrochemical products;H50.4 - Inland freight water transport;The target involves determining an indicative national share of renewable energy, which is linked to the energy sector, manufacturing, and transportation.;8
TA2.19;The fisheries sector must follow the two mutually reinforcing paths of reducing energy intensity;A - Agriculture, Forestry and Fishing;D - Electricity, Gas, Steam and Air Conditioning Supply;H - Transportation and Storage;A3 - Fishing and aquaculture;D35 - Electricity, gas, steam and air conditioning supply;H50 - Water transport;A3.1 - Fishing;D35.1 - Electric power generation, transmission and distribution;H50.4 - Inland freight water transport;The target involves the fisheries sector and reducing energy intensity, which is linked to agriculture, energy, and transportation.;8
TA2.20;Renovate each year at least 3% of the total floor area of buildings owned by all levels of public administration;L - Real Estate Activities;F - Construction;D - Electricity, Gas, Steam and Air Conditioning Supply;L68 - Real estate activities;F41 - Construction of buildings;D35 - Electricity, gas, steam and air conditioning supply;L68.1 - Buying and selling of own real estate;F41.1 - Development of building projects;D35.1 - Electric power generation, transmission and distribution;The target involves renovating buildings owned by public administration, which is linked to real estate, construction, and energy.;8
TA2.21;Member States shall ensure that the total final energy consumption of all public bodies combined is reduced;D - Electricity, Gas, Steam and Air Conditioning Supply;L - Real Estate Activities;F - Construction;D35 - Electricity, gas, steam and air conditioning supply;L68 - Real estate activities;F41 - Construction of buildings;D35.1 - Electric power generation, transmission and distribution;L68.1 - Buying and selling of own real estate;F41.1 - Development of building projects;The target involves reducing the total final energy consumption of public bodies, which is linked to energy, real estate, and construction.;8
TA2.22;Member States shall collectively ensure a reduction of energy consumption of at least 11,7 % in 2030;D - Electricity, Gas, Steam and Air Conditioning Supply;J - Information and Communication;K - Financial and Insurance Activities;D35 - Electricity, gas, steam and air conditioning supply;J61 - Telecommunications;K64 - Financial service activities, except insurance and pension funding;D35.1 - Electric power generation, transmission and distribution;J61.1 - Wired telecommunications activities;K64.1 - Monetary intermediation;The target involves reducing energy consumption, which is linked to the energy sector, information and communication, and financial services.;7
TA2.23;Member States shall make efforts to collectively contribute to the indicative Union primary energy consumption target;D - Electricity, Gas, Steam and Air Conditioning Supply;J - Information and Communication;K - Financial and Insurance Activities;D35 - Electricity, gas, steam and air conditioning supply;J61 - Telecommunications;K64 - Financial service activities, except insurance and pension funding;D35.1 - Electric power generation, transmission and distribution;J61.1 - Wired telecommunications activities;K64.1 - Monetary intermediation;The target involves contributing to the Union's primary energy consumption target, which is linked to the energy sector, information and communication, and financial services.;7
TA2.24;Each Member State shall ensure that at least 3 % of the total floor area of heated and/or cooled buildings is renovated;L - Real Estate Activities;F - Construction;D - Electricity, Gas, Steam and Air Conditioning Supply;L68 - Real estate activities;F41 - Construction of buildings;D35 - Electricity, gas, steam and air conditioning supply;L68.1 - Buying and selling of own real estate;F41.1 - Development of building projects;D35.1 - Electric power generation, transmission and distribution;The target involves renovating buildings, which is linked to real estate, construction, and energy.;8
TA2.25;Reduce buildings' final energy consumption by 14%;L - Real Estate Activities;F - Construction;D - Electricity, Gas, Steam and Air Conditioning Supply;L68 - Real estate activities;F41 - Construction of buildings;D35 - Electricity, gas, steam and air conditioning supply;L68.1 - Buying and selling of own real estate;F41.1 - Development of building projects;D35.1 - Electric power generation, transmission and distribution;The target involves reducing buildings' final energy consumption, which is linked to real estate, construction, and energy.;8
TA2.26;At least double the annual energy renovation rate of residential and non-residential buildings;L - Real Estate Activities;F - Construction;D - Electricity, Gas, Steam and Air Conditioning Supply;L68 - Real estate activities;F41 - Construction of buildings;D35 - Electricity, gas, steam and air conditioning supply;L68.1 - Buying and selling of own real estate;F41.1 - Development of building projects;D35.1 - Electric power generation, transmission and distribution;The target involves doubling the annual energy renovation rate of buildings, which is linked to real estate, construction, and energy.;8
TA2.27;Indicative national targets aiming to achieve the deep renovation of at least 35 million building units;L - Real Estate Activities;F - Construction;D - Electricity, Gas, Steam and Air Conditioning Supply;L68 - Real estate activities;F41 - Construction of buildings;D35 - Electricity, gas, steam and air conditioning supply;L68.1 - Buying and selling of own real estate;F41.1 - Development of building projects;D35.1 - Electric power generation, transmission and distribution;The target involves achieving deep renovation of building units, which is linked to real estate, construction, and energy.;8
TA2.28;Reduce buildings' energy consumption for heating and cooling by 18%;L - Real Estate Activities;F - Construction;D - Electricity, Gas, Steam and Air Conditioning Supply;L68 - Real estate activities;F41 - Construction of buildings;D35 - Electricity, gas, steam and air conditioning supply;L68.1 - Buying and selling of own real estate;F41.1 - Development of building projects;D35.1 - Electric power generation, transmission and distribution;The target involves reducing buildings' energy consumption for heating and cooling, which is linked to real estate, construction, and energy.;8
TA2.29;The revised rules require to gradually improve the non-residential building stock via minimum energy performance standards;L - Real Estate Activities;F - Construction;D - Electricity, Gas, Steam and Air Conditioning Supply;L68 - Real estate activities;F41 - Construction of buildings;D35 - Electricity, gas, steam and air conditioning supply;L68.1 - Buying and selling of own real estate;F41.1 - Development of building projects;D35.1 - Electric power generation, transmission and distribution;The target involves improving the non-residential building stock, which is linked to real estate, construction, and energy.;8
TA2.30;The revised directive will make zero-emission buildings the new standard for new buildings;L - Real Estate Activities;F - Construction;D - Electricity, Gas, Steam and Air Conditioning Supply;L68 - Real estate activities;F41 - Construction of buildings;D35 - Electricity, gas, steam and air conditioning supply;L68.1 - Buying and selling of own real estate;F41.1 - Development of building projects;D35.1 - Electric power generation, transmission and distribution;The target involves making zero-emission buildings the new standard, which is linked to real estate, construction, and energy.;8
TA2.31;All existing buildings should be transformed into zero-emission buildings;L - Real Estate Activities;F - Construction;D - Electricity, Gas, Steam and Air Conditioning Supply;L68 - Real estate activities;F41 - Construction of buildings;D35 - Electricity, gas, steam and air conditioning supply;L68.1 - Buying and selling of own real estate;F41.1 - Development of building projects;D35.1 - Electric power generation, transmission and distribution;The target involves transforming existing buildings into zero-emission buildings, which is linked to real estate, construction, and energy.;8
TA2.32;100% of on-site energy consumption to be covered by renewable energy as for new buildings;D - Electricity, Gas, Steam and Air Conditioning Supply;L - Real Estate Activities;F - Construction;D35 - Electricity, gas, steam and air conditioning supply;L68 - Real estate activities;F41 - Construction of buildings;D35.1 - Electric power generation, transmission and distribution;L68.1 - Buying and selling of own real estate;F41.1 - Development of building projects;The target involves covering on-site energy consumption with renewable energy, which is linked to energy, real estate, and construction.;8
TA2.33;The national measures will have to ensure that at least 55% of the decrease of the average primary energy use is achieved;L - Real Estate Activities;F - Construction;D - Electricity, Gas, Steam and Air Conditioning Supply;L68 - Real estate activities;F41 - Construction of buildings;D35 - Electricity, gas, steam and air conditioning supply;L68.1 - Buying and selling of own real estate;F41.1 - Development of building projects;D35.1 - Electric power generation, transmission and distribution;The target involves ensuring a certain percentage of decrease in average primary energy use, which is linked to real estate, construction, and energy.;8
TA2.34;Each Member State will adopt its own national trajectory to reduce the average primary energy use of residential buildings;L - Real Estate Activities;F - Construction;D - Electricity, Gas, Steam and Air Conditioning Supply;L68 - Real estate activities;F41 - Construction of buildings;D35 - Electricity, gas, steam and air conditioning supply;L68.1 - Buying and selling of own real estate;F41.1 - Development of building projects;D35.1 - Electric power generation, transmission and distribution;The target involves adopting a national trajectory to reduce primary energy use in residential buildings, which is linked to real estate, construction, and energy.;8
TA2.35;Member States will also have to set out specific measures on the phase-out of fossil fuels in heating and cooling;D - Electricity, Gas, Steam and Air Conditioning Supply;L - Real Estate Activities;F - Construction;D35 - Electricity, gas, steam and air conditioning supply;L68 - Real estate activities;F41 - Construction of buildings;D35.1 - Electric power generation, transmission and distribution;L68.1 - Buying and selling of own real estate;F41.1 - Development of building projects;The target involves phasing out fossil fuels in heating and cooling, which is linked to energy, real estate, and construction.;8
TA2.36;;;;;;;;;The target content is empty.;0;;
TA2.37;By 2030, the share of renewable energy in the electricity mix should double to 55-60%;D - Electricity, Gas, Steam and Air Conditioning Supply;J - Information and Communication;K - Financial and Insurance Activities;D35 - Electricity, gas, steam and air conditioning supply;J61 - Telecommunications;K64 - Financial service activities, except insurance and pension funding;D35.1 - Electric power generation, transmission and distribution;J61.1 - Wired telecommunications activities;K64.1 - Monetary intermediation;The target involves doubling the share of renewable energy in the electricity mix, which is linked to the energy sector, information and communication, and financial services.;7
TA2.38;The strategy sets targets for an installed capacity of at least 60 GW of offshore wind by 2030;D - Electricity, Gas, Steam and Air Conditioning Supply;J - Information and Communication;K - Financial and Insurance Activities;D35 - Electricity, gas, steam and air conditioning supply;J61 - Telecommunications;K64 - Financial service activities, except insurance and pension funding;D35.1 - Electric power generation, transmission and distribution;J61.1 - Wired telecommunications activities;K64.1 - Monetary intermediation;The target involves setting targets for offshore wind capacity, which is linked to the energy sector, information and communication, and financial services.;7
TA2.39;The strategy sets targets for an installed capacity of at least 1 GW of ocean energy by 2030;D - Electricity, Gas, Steam and Air Conditioning Supply;J - Information and Communication;K - Financial and Insurance Activities;D35 - Electricity, gas, steam and air conditioning supply;J61 - Telecommunications;K64 - Financial service activities, except insurance and pension funding;D35.1 - Electric power generation, transmission and distribution;J61.1 - Wired telecommunications activities;K64.1 - Monetary intermediation;The target involves setting targets for ocean energy capacity, which is linked to the energy sector, information and communication, and financial services.;7
TA2.4;Doubling the current deployment rate of individual heat pumps, resulting in a cumulative 10 million units by 2027;D - Electricity, Gas, Steam and Air Conditioning Supply;L - Real Estate Activities;F - Construction;D35 - Electricity, gas, steam and air conditioning supply;L68 - Real estate activities;F41 - Construction of buildings;D35.1 - Electric power generation, transmission and distribution;L68.1 - Buying and selling of own real estate;F41.1 - Development of building projects;The target involves doubling the deployment rate of individual heat pumps, which is linked to energy, real estate, and construction.;8
TA2.40;Around 30% of EU primary steel production is expected to be decarbonized on the basis of renewable hydrogen;C - Manufacturing;D - Electricity, Gas, Steam and Air Conditioning Supply;H - Transportation and Storage;C20 - Manufacture of chemicals and chemical products;D35 - Electricity, gas, steam and air conditioning supply;H50 - Water transport;C20.2 - Manufacture of pesticides and other agrochemical products;D35.1 - Electric power generation, transmission and distribution;H50.4 - Inland freight water transport;The target involves decarbonizing primary steel production using renewable hydrogen, which is linked to manufacturing, energy, and transportation.;8
TA2.5;Bring online over 320 GW of solar photovoltaic by 2025 and 600 GW by 2030;D - Electricity, Gas, Steam and Air Conditioning Supply;J - Information and Communication;K - Financial and Insurance Activities;D35 - Electricity, gas, steam and air conditioning supply;J61 - Telecommunications;K64 - Financial service activities, except insurance and pension funding;D35.1 - Electric power generation, transmission and distribution;J61.1 - Wired telecommunications activities;K64.1 - Monetary intermediation;The target involves bringing online solar photovoltaic capacity, which is linked to the energy sector, information and communication, and financial services.;7
TA2.6;Energy demand to be covered by solar heat and geothermal should at least triple;D - Electricity, Gas, Steam and Air Conditioning Supply;L - Real Estate Activities;F - Construction;D35 - Electricity, gas, steam and air conditioning supply;L68 - Real estate activities;F41 - Construction of buildings;D35.1 - Electric power generation, transmission and distribution;L68.1 - Buying and selling of own real estate;F41.1 - Development of building projects;The target involves tripling energy demand covered by solar heat and geothermal, which is linked to energy, real estate, and construction.;8
TA2.7;Over this decade, the EU will need to install, on average, approximately 45 GW per year of PV to reach the share of 45% of energy coming from renewables;D - Electricity, Gas, Steam and Air Conditioning Supply;J - Information and Communication;K - Financial and Insurance Activities;D35 - Electricity, gas, steam and air conditioning supply;J61 - Telecommunications;K64 - Financial service activities, except insurance and pension funding;D35.1 - Electric power generation, transmission and distribution;J61.1 - Wired telecommunications activities;K64.1 - Monetary intermediation;The target involves installing PV capacity to reach a certain share of renewable energy, which is linked to the energy sector, information and communication, and financial services.;7
TA2.8;Ensure that energy poor and vulnerable consumers have access to solar energy;D - Electricity, Gas, Steam and Air Conditioning Supply;L - Real Estate Activities;F - Construction;D35 - Electricity, gas, steam and air conditioning supply;L68 - Real estate activities;F41 - Construction of buildings;D35.1 - Electric power generation, transmission and distribution;L68.1 - Buying and selling of own real estate;F41.1 - Development of building projects;The target involves ensuring access to solar energy for energy poor and vulnerable consumers, which is linked to energy, real estate, and construction.;8
TA2.9;Member States shall collectively ensure that the share of energy from renewable sources in the Union’s gross final consumption of energy in 2030 is at least 42,5 %;D - Electricity, Gas, Steam and Air Conditioning Supply;J - Information and Communication;K - Financial and Insurance Activities;D35 - Electricity, gas, steam and air conditioning supply;J61 - Telecommunications;K64 - Financial service activities, except insurance and pension funding;D35.1 - Electric power generation, transmission and distribution;J61.1 - Wired telecommunications activities;K64.1 - Monetary intermediation;The target involves ensuring a certain share of renewable energy in the Union's gross final consumption, which is linked to the energy sector, information and communication, and financial services.;7