target_code;thematic_area;sub_theme;;;;;;;;target_content;justification;
TA1.10;TA1_Climate ambition;GHG;;;;;;;;ETS2. Contribution of the buildings and road transport sectors of 43% emission reductions by 2030 compared to 2005 and of the additional sectors, a combined cost-efficient contribution of 42% emission reductions by 2030 compared to 2005;This target is assigned to Greenhouse Gas Emissions as it directly addresses the reduction of emissions in various sectors.;
TA1.10;TA1_Climate ambition;Emission Reduction;;;;;;;;ETS2. Contribution of the buildings and road transport sectors of 43% emission reductions by 2030 compared to 2005 and of the additional sectors, a combined cost-efficient contribution of 42% emission reductions by 2030 compared to 2005;This target is also assigned to Emission Reduction as it aims to reduce emissions by a specific percentage.;
TA1.11;TA1_Climate ambition;Emission Reduction;;;;;;;;ESR. Increased national targets in line with an EU-wide reduction of 40% in the ESR sectors compared to 2005. Member States contribute to the overall EU reduction in 2030 with targets ranging from -10% to -50% below 2005 level (sectors: transport, buildings, agriculture and waste);This target is assigned to Emission Reduction as it aims to increase national targets for reducing emissions.;
TA1.11;TA1_Climate ambition;GHG;;;;;;;;ESR. Increased national targets in line with an EU-wide reduction of 40% in the ESR sectors compared to 2005. Member States contribute to the overall EU reduction in 2030 with targets ranging from -10% to -50% below 2005 level (sectors: transport, buildings, agriculture and waste);This target is also assigned to Greenhouse Gas Emissions as it addresses the reduction of emissions in various sectors.;
TA1.1;TA1_Climate ambition;Greenhouse Gas Emissions Reduction;;;;;;;;Reduce by at least 55% net GHG emissions compared to 1990 levels, by 2030;This target is assigned to Greenhouse Gas Emissions Reduction as it directly aims to reduce net GHG emissions.;
TA1.2;TA1_Climate ambition;Climate Neutrality;;;;;;;;Achieve climate neutrality by 2050;This target is assigned to Climate Neutrality as it aims to achieve a balance between GHG emissions and removals.;
TA1.3;TA1_Climate ambition;Energy Efficiency;;;;;;;;Reach energy neutrality in the wastewater treatment sector by 2045;This target is assigned to Energy Efficiency as it aims to reduce energy consumption in the wastewater treatment sector.;
TA1.7;TA1_Climate ambition;Reducing GHG;;;;;;;;Reduce methane emissions by 35 to 37% compared to 2005 levels, by 2030;"This target is assigned to the sub-theme ""Reducing Greenhouse Gas Emissions"" because it specifically aims to decrease methane emissions, a potent greenhouse gas.";The target is also related to climate ambition, as reducing methane emissions contributes to the overall goal of mitigating climate change.
TA1.7;TA1_Climate ambition;Improving Energy Efficiency;;;;;;;;Reduce methane emissions by 35 to 37% compared to 2005 levels, by 2030;"This target is also assigned to the sub-theme ""Improving Energy Efficiency"" because reducing methane emissions can be achieved through more efficient use of energy, especially in the energy sector.";Methane emissions are often a result of inefficient energy production and use, so improving energy efficiency can help reduce these emissions.
TA1.9;TA1_Climate ambition;Carbon Pricing;;;;;;;;EU ETS. The contribution of the sectors covered by the existing EU Emission trading System (EU ETS) with respect to the EU Climate ambition should be of -62% compared to 2005 (increasing the linear emissions reduction factor from 2.2% per year up to 4.4%), by 2030;"This target is assigned to the sub-theme ""Carbon Pricing"" because it involves the EU ETS, which is a carbon pricing mechanism.";The target aims to increase the ambition of the EU ETS by increasing the linear emissions reduction factor, which will lead to a greater reduction in greenhouse gas emissions.
TA1.9;TA1_Climate ambition;Reducing GHG;;;;;;;;EU ETS. The contribution of the sectors covered by the existing EU Emission trading System (EU ETS) with respect to the EU Climate ambition should be of -62% compared to 2005 (increasing the linear emissions reduction factor from 2.2% per year up to 4.4%), by 2030;"This target is also assigned to the sub-theme ""Reducing Greenhouse Gas Emissions"" because it aims to reduce emissions from sectors covered by the EU ETS.";The increased ambition of the EU ETS will lead to a greater reduction in greenhouse gas emissions, contributing to the overall goal of mitigating climate change.
TA1.1;TA1_Climate ambition;GHG;;;;;;;;Reduce greenhouse gas emissions by at least 55% by 2030;"This target is assigned to the sub-theme ""Greenhouse Gas Emissions Reduction"" because it directly aims to reduce emissions.";
TA1.2;TA1_Climate ambition;Climate Neutrality;;;;;;;;Achieve climate neutrality by 2050;"This target is assigned to the sub-theme ""Climate Neutrality"" because it sets a long-term goal for the EU to become climate neutral.";
TA2.3;TA2_Clean, affordable and secure energy;Renewable Energy;;;;;;;;Member States shall ensure that the contribution of renewable fuels of non-biological origin used for final energy and non-energy purposes shall be at least 42% of the hydrogen used for final energy and non-energy purposes in industry by 2030, and 60% by 2035.;This target is assigned to Renewable Energy as it promotes the use of renewable fuels.;
TA2.3;TA2_Clean, affordable and secure energy;Hydrogen Production;;;;;;;;Member States shall ensure that the contribution of renewable fuels of non-biological origin used for final energy and non-energy purposes shall be at least 42% of the hydrogen used for final energy and non-energy purposes in industry by 2030, and 60% by 2035.;This target is also assigned to Hydrogen Production as it addresses the use of hydrogen in industry.;
TA2.6;TA2_Clean, affordable and secure energy;Solar Energy;;;;;;;;Energy demand to be covered by solar heat and geothermal should at least triple (rate is currently at 1.5%);This target is assigned to Solar Energy as it promotes the use of solar heat.;
TA2.6;TA2_Clean, affordable and secure energy;Geothermal Energy;;;;;;;;Energy demand to be covered by solar heat and geothermal should at least triple (rate is currently at 1.5%);This target is also assigned to Geothermal Energy as it addresses the use of geothermal energy.;
TA2.7;TA2_Clean, affordable and secure energy;Solar Energy;;;;;;;;Over this decade, the EU will need to install, on average, approximately 45 GW per year of PV to reach the share of 45% of energy coming from renewables set out in the REPowerEU Plan.;This target is assigned to Solar Energy as it promotes the installation of PV.;
TA2.9;TA2_Clean, affordable and secure energy;Renewable Energy;;;;;;;;Member States shall collectively ensure that the share of energy from renewable sources in the Union’s gross final consumption of energy in 2030 is at least 42.5%.;This target is assigned to Renewable Energy as it promotes the use of renewable energy sources.;
TA2.11;TA2_Clean, affordable and secure energy;Renewable Energy Cooperation;;;;;;;;By 31 December 2025, each Member State shall agree to establish a framework for cooperation on joint projects with one or more other Member States for the production of renewable energy, subject to the following: by 31 December 2030, Member States shall endeavour to agree on establishing at least two joint projects;This target is assigned to Renewable Energy Cooperation as it promotes cooperation between Member States.;
TA2.11;TA2_Clean, affordable and secure energy;Joint Projects;;;;;;;;By 31 December 2025, each Member State shall agree to establish a framework for cooperation on joint projects with one or more other Member States for the production of renewable energy, subject to the following: by 31 December 2030, Member States shall endeavour to agree on establishing at least two joint projects;This target is also assigned to Joint Projects as it addresses the establishment of joint projects.;
TA2.24;TA2_Clean, affordable and secure energy;Building Renovation;;;;;;;;Each Member State shall ensure that at least 3% of the total floor area of heated and/or cooled buildings (of buildings which have a total useful floor area of over 250 m2 and are not nearly-zero energy buildings) that are owned by public bodies is renovated each year to be transformed into at least nearly zero-energy buildings or zero-emission buildings in accordance with Article 9 of Directive 2010/31/EU.;This target is assigned to Building Renovation as it promotes the renovation of buildings.;
TA2.26;TA2_Clean, affordable and secure energy;Building Renovation;;;;;;;;At least double the annual energy renovation rate of residential and non-residential buildings by 2030 and to foster deep energy renovations.;This target is assigned to Building Renovation as it promotes the increase of energy renovation rate.;
TA2.26;TA2_Clean, affordable and secure energy;Energy Efficiency;;;;;;;;At least double the annual energy renovation rate of residential and non-residential buildings by 2030 and to foster deep energy renovations.;This target is also assigned to Energy Efficiency as it addresses the improvement of energy efficiency.;
TA2.34;TA2_Clean, affordable and secure energy;Energy Efficiency;;;;;;;;Member States shall ensure that the average primary energy use of the entire residential building stock decreases by at least 16% compared to 2020 by 2030, and by at least 20-22% compared to 2020 by 2035;This target is assigned to Energy Efficiency as it promotes the reduction of primary energy use.;
TA2.40;TA2_Clean, affordable and secure energy;Hydrogen Production;;;;;;;;Around 30% of EU primary steel production is expected to be decarbonised on the basis of renewable hydrogen.;This target is assigned to Hydrogen Production as it addresses the use of renewable hydrogen in steel production.;
TA2.1;TA2_Clean, affordable and secure energy;Heating and Cooling;;;;;;;;Double the current deployment rate of individual heat pumps, resulting in a cumulative 10 million units by 2027 and 30 million units by 2030;This target is assigned to Heating and Cooling as it aims to increase the deployment of heat pumps.;
TA2.2;TA2_Clean, affordable and secure energy;Solar Energy;;;;;;;;Bring online over 320 GW of solar photovoltaic by 2025 and almost 600 GW by 2030;This target is assigned to Solar Energy as it aims to increase the capacity of solar photovoltaic.;
TA2.3;TA2_Clean, affordable and secure energy;Renewable Energy;;;;;;;;Increase the share of renewable energy in the heating and cooling sector by at least 1.1 percentage points as an annual average calculated for the period 2026 to 2030;This target is assigned to Renewable Energy as it aims to increase the share of renewable energy in the heating and cooling sector.;
TA2.4;TA2_Clean, affordable and secure energy;Energy Efficiency;;;;;;;;Ensure that the total final energy consumption of all public bodies combined is reduced by at least 1.9% each year, when compared to 2021;This target is assigned to Energy Efficiency as it aims to reduce energy consumption in public bodies.;
TA2.5;TA2_Clean, affordable and secure energy;Energy Efficiency;;;;;;;;Ensure that the average primary energy use of the entire residential building stock in EU Member States decreases by at least 16% compared to 2020 by 2030;This target is assigned to Energy Efficiency as it aims to reduce energy consumption in residential buildings.;
TA2.6;TA2_Clean, affordable and secure energy;Building Renovation;;;;;;;;Ensure that at least 3% of the total floor area of heated and/or cooled buildings owned by public bodies is renovated each year to be transformed into at least nearly zero-energy buildings;This target is assigned to Building Renovation as it aims to renovate public buildings to increase energy efficiency.;
TA2.7;TA2_Clean, affordable and secure energy;Solar Energy;;;;;;;;Over this decade, the EU will need to install, on average, approximately 45 GW per year of PV to reach the share of 45% of energy coming from renewables set out in the REPowerEU Plan;This target is assigned to Solar Energy as it aims to increase the capacity of solar photovoltaic.;
TA2.8;TA2_Clean, affordable and secure energy;Transport Emissions Reduction;;;;;;;;Reduce greenhouse gas emissions from the transport sector by 90% by 2050;This target is assigned to Transport Emissions Reduction as it aims to reduce GHG emissions from the transport sector.;
TA2.9;TA2_Clean, affordable and secure energy;Renewable Energy;;;;;;;;Increase the share of renewable energy in the transport sector to at least 14% by 2030;This target is assigned to Renewable Energy as it aims to increase the share of renewable energy in the transport sector.;
TA2.10;TA2_Clean, affordable and secure energy;Innovative Renewable Energy;;;;;;;;Set an indicative target for innovative renewable energy technology of at least 5% of newly installed renewable energy capacity by 2030;This target is assigned to Innovative Renewable Energy as it aims to increase the share of innovative renewable energy technologies.;
TA2.13;TA2_Clean, affordable and secure energy;Promoting Renewable Energy;;;;;;;;The amount of renewable fuels and renewable electricity supplied to the transport sector leads to a: (i) share of renewable energy within the final consumption of energy in the transport sector of at least 29 % by 2030, or (ii) GHG intensity reduction of at least 14.5 % by 2030, compared to the baseline set out in Article 27(1), in accordance with an indicative trajectory set by the Member State.;"This target is assigned to the sub-theme ""Promoting Renewable Energy"" because it aims to increase the share of renewable energy in the transport sector.";The target also mentions a GHG intensity reduction, which is related to reducing greenhouse gas emissions, but the primary focus is on promoting renewable energy.
TA2.13;TA2_Clean, affordable and secure energy;Reducing GHG;;;;;;;;The amount of renewable fuels and renewable electricity supplied to the transport sector leads to a: (i) share of renewable energy within the final consumption of energy in the transport sector of at least 29 % by 2030, or (ii) GHG intensity reduction of at least 14.5 % by 2030, compared to the baseline set out in Article 27(1), in accordance with an indicative trajectory set by the Member State.;"This target is also assigned to the sub-theme ""Reducing Greenhouse Gas Emissions"" because it mentions a GHG intensity reduction, which is a key aspect of reducing greenhouse gas emissions.";The target aims to reduce the carbon footprint of the transport sector, which is a significant contributor to greenhouse gas emissions.
TA2.15;TA2_Clean, affordable and secure energy;Promoting Renewable Energy;;;;;;;;By 2022, achieve 18% of the total increase in the share of energy from renewable sources between that Member State’s binding 2020 national target, and its contribution to the 2030 target of the share of energy from renewable sources in gross final consumption of energy.;"This target is assigned to the sub-theme ""Promoting Renewable Energy"" because it aims to increase the share of energy from renewable sources.";The target sets a specific milestone for 2022, which is part of the overall effort to promote renewable energy and reduce dependence on fossil fuels.
TA2.17;TA2_Clean, affordable and secure energy;Improving Energy Infrastructure;;;;;;;;A target of 15% electricity interconnection for 2030;"This target is assigned to the sub-theme ""Improving Energy Infrastructure"" because it aims to increase electricity interconnection between member states.";Increasing electricity interconnection can help to improve the overall efficiency and resilience of the energy system, and facilitate the integration of renewable energy sources.
TA2.25;TA2_Clean, affordable and secure energy;Improving Energy Efficiency;;;;;;;;Reduce buildings’ final energy consumption by 14%;"This target is assigned to the sub-theme ""Improving Energy Efficiency"" because it aims to reduce the final energy consumption of buildings.";Reducing energy consumption in buildings can be achieved through various measures such as improving insulation, using energy-efficient appliances, and optimizing heating and cooling systems.
TA2.37;TA2_Clean, affordable and secure energy;Promoting Renewable Energy;;;;;;;;By 2030, the share of renewable energy in the electricity mix should double to 55-60%, and projections show a share of around 84% by 2050.;"This target is assigned to the sub-theme ""Promoting Renewable Energy"" because it aims to increase the share of renewable energy in the electricity mix.";Doubling the share of renewable energy in the electricity mix by 2030 is an ambitious goal that requires significant investment and effort to promote renewable energy sources such as solar and wind power.
TA2.1;TA2_Clean, affordable and secure energy;Renewable Energy Communities;;;;;;;;Set up at least one renewables-based energy community in every municipality with a population higher than 10,000 by 2025;"This target is assigned to the sub-theme ""Renewable Energy Communities"" because it promotes the development of community-based renewable energy projects.";
TA2.2;TA2_Clean, affordable and secure energy;Renewable Energy Share;;;;;;;;Increase the share of renewable energy in the energy mix to at least 32% by 2030;"This target is assigned to the sub-theme ""Renewable Energy Share"" because it aims to increase the proportion of renewable energy in the overall energy mix.";
TA2.3;TA2_Clean, affordable and secure energy;Energy Efficiency;;;;;;;;Improve energy efficiency by reducing energy consumption by at least 32.5% by 2030;"This target is assigned to the sub-theme ""Energy Efficiency"" because it focuses on reducing energy consumption through efficient use.";
TA2.4;TA2_Clean, affordable and secure energy;Renewable Heating and Cooling;;;;;;;;Increase the share of renewable energy in heating and cooling to at least 21% by 2030;"This target is assigned to the sub-theme ""Renewable Heating and Cooling"" because it specifically targets the heating and cooling sector for renewable energy integration.";
TA2.5;TA2_Clean, affordable and secure energy;Sustainable Transport;;;;;;;;Reduce greenhouse gas emissions from transport by at least 60% by 2050;"This target is assigned to the sub-theme ""Sustainable Transport"" because it aims to significantly reduce emissions from the transport sector.";
TA2.6;TA2_Clean, affordable and secure energy;Alternative Fuels and Vehicles;;;;;;;;Deploy alternative fuels and zero-emission vehicles;"This target is assigned to the sub-theme ""Alternative Fuels and Vehicles"" because it promotes the use of alternative fuels and zero-emission vehicles for transport.";
TA2.7;TA2_Clean, affordable and secure energy;Solar Energy;;;;;;;;Over this decade, the EU will need to install, on average, approximately 45 GW per year of PV to reach the share of 45% of energy coming from renewables set out in the REPowerEU Plan;"This target is assigned to the sub-theme ""Solar Energy"" because it specifically mentions the installation of photovoltaic (PV) capacity to meet renewable energy targets.";
TA3.23;TA3_Industrial strategy for a clean and circular economy;Material Recovery;;;;;;;;All recycling shall achieve at least the following targets for recovery of materials: - No later than 31 December 2027, 90% for cobalt, copper, lead, nickel,  - No later than 31 December 2031, 95% for cobalt, copper, lead, nickel;This target is assigned to Material Recovery as it promotes the recovery of materials.;
TA3.3;TA3_Industrial strategy for a clean and circular economy;Circular Economy;;;;;;;;Double EU’s circular material use rate in the coming decade;This target is assigned to Circular Economy as it promotes the increase of circular material use rate.;
TA3.13;TA3_Industrial strategy for a clean and circular economy;Recycling;;;;;;;;By 2030, Union recycling capacity, including for all intermediate recycling steps, should be able of producing at least 25% of the Union’s annual consumption of strategic raw materials and should be able of recycling significantly increasing amounts of each strategic raw material from waste.;This target is assigned to Recycling as it promotes the increase of recycling capacity.;
TA3.15;TA3_Industrial strategy for a clean and circular economy;Battery Recycling;;;;;;;;Producers of starting, lighting and ignition batteries, industrial batteries and electric vehicle batteries or, where appointed in accordance with Article 57(1), producer responsibility organisations, shall take back, free of charge and without an obligation on the end-user to buy a new battery, nor to have bought the battery from them, and shall ensure that all waste starting, lighting and ignition batteries, waste industrial batteries and waste electric vehicle batteries regardless of their nature, chemical composition, condition, brand, or origin of the respective category that they have made available on the market for the first time in the territory of that Member State are collected separately.;This target is assigned to Battery Recycling as it addresses the collection and recycling of batteries.;
TA3.20;TA3_Industrial strategy for a clean and circular economy;Recycling Efficiency;;;;;;;;Recycling shall achieve at least the following targets for recycling efficiency: No later than 31 December 2025 - 75% by average weight of lead-acid batteries, - 80% by average weight of nickel-cadmium batteries - 50% by average weight of other waste batteries No later than 31 December 2030 - 80% by average weight of lead-acid batteries,;This target is assigned to Recycling Efficiency as it promotes the increase of recycling efficiency.;
TA3.21;TA3_Industrial strategy for a clean and circular economy;Recycling Efficiency;;;;;;;;Recycling shall achieve at least the following targets for recycling efficiency: - No later than 31 December 2025, 65% by average weight of lithium-based batteries, - No later than 31 December 2030, 70% by average weight of lithium-based batteries.;This target is assigned to Recycling Efficiency as it promotes the increase of recycling efficiency.;
TA3.25;TA3_Industrial strategy for a clean and circular economy;Food Waste Reduction;;;;;;;;Reduce the generation of food waste per capita, jointly in retail and other distribution of food, in restaurants and food services and in households, by 30% in comparison to the amount generated in 2020;This target is assigned to Food Waste Reduction as it promotes the reduction of food waste.;
TA3.27;TA3_Industrial strategy for a clean and circular economy;Packaging Recycling;;;;;;;;All packaging shall be recyclable;This target is assigned to Packaging Recycling as it promotes the recyclability of packaging.;
TA3.1;TA3_Industrial strategy for a clean and circular economy;Raw Materials Production;;;;;;;;Produce at least 40% of the Union’s annual consumption of strategic raw materials by 2030;This target is assigned to Raw Materials Production as it aims to increase the production of strategic raw materials.;
TA3.2;TA3_Industrial strategy for a clean and circular economy;Raw Materials Recycling;;;;;;;;Recycle at least 25% of the Union’s annual consumption of strategic raw materials by 2030;This target is assigned to Raw Materials Recycling as it aims to increase the recycling of strategic raw materials.;
TA3.3;TA3_Industrial strategy for a clean and circular economy;Circular Economy;;;;;;;;Increase the circular material use rate to 23% by 2030;This target is assigned to Circular Economy as it aims to increase the circular material use rate.;
TA3.4;TA3_Industrial strategy for a clean and circular economy;Waste Reduction;;;;;;;;Reduce waste generation by 50% by 2030;This target is assigned to Waste Reduction as it aims to reduce waste generation.;
TA3.5;TA3_Industrial strategy for a clean and circular economy;Waste Recycling;;;;;;;;Increase the recycling rate of municipal waste to 65% by 2030;This target is assigned to Waste Recycling as it aims to increase the recycling rate of municipal waste.;
TA3.6;TA3_Industrial strategy for a clean and circular economy;Food Waste Reduction;;;;;;;;Reduce the generation of food waste by 50% by 2030;This target is assigned to Food Waste Reduction as it aims to reduce food waste generation.;
TA3.7;TA3_Industrial strategy for a clean and circular economy;Sustainable Packaging;;;;;;;;Increase the use of recycled materials in packaging to 30% by 2030;This target is assigned to Sustainable Packaging as it aims to increase the use of recycled materials in packaging.;
TA3.8;TA3_Industrial strategy for a clean and circular economy;Promoting Sustainable Resource Use;;;;;;;;By 2030, Union extraction capacity should be able of extracting the ores, minerals or concentrates needed to produce at least 10% of the Union’s annual consumption of strategic raw materials, to the extent possible in light of the Union’s reserves.;"This target is assigned to the sub-theme ""Promoting Sustainable Resource Use"" because it aims to increase the Union's extraction capacity for strategic raw materials.";The target is part of the effort to promote sustainable resource use and reduce dependence on imported raw materials, which can help to improve the security of supply and reduce the environmental impact of resource extraction.
TA3.16;TA3_Industrial strategy for a clean and circular economy;Improving Waste Management;;;;;;;;Producers of portable batteries or, where appointed in accordance with Article 57(1), producer responsibility organisations, shall attain, and maintain durably, at least the following collection targets for waste portable batteries: - 45% by 31 December 2023, - 63% by 31 December 2027, - 73% by 31 December 2030.;"This target is assigned to the sub-theme ""Improving Waste Management"" because it aims to increase the collection rate of waste portable batteries.";The target is part of the effort to improve waste management and reduce the environmental impact of waste, by promoting the collection and recycling of waste batteries.
TA3.24;TA3_Industrial strategy for a clean and circular economy;Reducing Food Waste;;;;;;;;Reduce the generation of food waste in processing and manufacturing by 10% in comparison to the amount generated in 2020;"This target is assigned to the sub-theme ""Reducing Food Waste"" because it aims to reduce the generation of food waste in processing and manufacturing.";The target is part of the effort to reduce food waste and improve the efficiency of the food system, by reducing the amount of food that is wasted during processing and manufacturing.
TA3.28;TA3_Industrial strategy for a clean and circular economy;Promoting Recycling;;;;;;;;The plastic part in packaging shall contain the following minimum percentage of recycled content recovered from post-consumer plastic waste, per unit of packaging: From 1 January 2030 (i) 30% for contact sensitive packaging made from polyethylene terephthalate (PET) as major component, (ii) 10% for contact sensitive made from plastic materials other than PET, except single use plastic bottles, (iii) 30% for single use plastic beverage bottles, (iv) 35% for other plastic packaging;"This target is assigned to the sub-theme ""Promoting Recycling"" because it aims to increase the use of recycled content in packaging.";The target is part of the effort to promote recycling and reduce the environmental impact of packaging, by increasing the use of recycled materials in packaging.
TA3.31;TA3_Industrial strategy for a clean and circular economy;Improving Waste Management;;;;;;;;Member States shall take the necessary measures to attain the recycling targets of 65% by weight of all packaging waste generated by 31 December 2025, and of 70% by weight of all packaging waste generated by 31 December 2030.;"This target is assigned to the sub-theme ""Improving Waste Management"" because it aims to increase the recycling rate of packaging waste.";The target is part of the effort to improve waste management and reduce the environmental impact of waste, by promoting the recycling of packaging waste.
TA3.36;TA3_Industrial strategy for a clean and circular economy;Promoting Recycling;;;;;;;;Member States shall take the necessary measures to attain a recycling target of 70% of glass by weight of glass contained in packaging waste generated by 31 December 2025 and of 75% by 31 December 2030;"This target is assigned to the sub-theme ""Promoting Recycling"" because it aims to increase the recycling rate of glass packaging waste.";The target is part of the effort to promote recycling and reduce the environmental impact of packaging, by increasing the recycling rate of glass packaging waste.
TA3.48;TA3_Industrial strategy for a clean and circular economy;Promoting Recycling;;;;;;;;The plastic contained in each vehicle type that is type-approved as of [the first day of the month following 72 months after the date of entry into force of the Regulation] under Regulation (EU) 2018/858 shall contain a minimum of 25 % of plastic recycled by weight from post-consumer plastic waste.;"This target is assigned to the sub-theme ""Promoting Recycling"" because it aims to increase the use of recycled plastic in vehicles.";The target is part of the effort to promote recycling and reduce the environmental impact of vehicles, by increasing the use of recycled materials in vehicle production.
TA3.1;TA3_Industrial strategy for a clean and circular economy;Waste Reduction;;;;;;;;Halve the amount of residual (non-recycled) municipal waste by 2030;"This target is assigned to the sub-theme ""Waste Reduction"" because it aims to reduce the amount of non-recycled municipal waste.";
TA3.2;TA3_Industrial strategy for a clean and circular economy;Recycling Rates;;;;;;;;Increase recycling rates to at least 65% by 2030;"This target is assigned to the sub-theme ""Recycling Rates"" because it focuses on increasing the proportion of waste that is recycled.";
TA3.3;TA3_Industrial strategy for a clean and circular economy;Plastic Waste Reduction;;;;;;;;Reduce the amount of plastic waste in oceans by 50% by 2030;"This target is assigned to the sub-theme ""Plastic Waste Reduction"" because it specifically targets the reduction of plastic waste in oceans.";
TA3.4;TA3_Industrial strategy for a clean and circular economy;Circular Economy;;;;;;;;Increase the use of recycled materials in production processes;"This target is assigned to the sub-theme ""Circular Economy"" because it promotes the use of recycled materials in production, aligning with circular economy principles.";
TA3.5;TA3_Industrial strategy for a clean and circular economy;Industrial Emissions Reduction;;;;;;;;Reduce greenhouse gas emissions from industry by at least 80% by 2050;"This target is assigned to the sub-theme ""Industrial Emissions Reduction"" because it aims to significantly reduce emissions from industrial activities.";
TA4.1;TA4_Sustainable and smart mobility;Biomethane Production;;;;;;;;Achieve an annual production of sustainable biomethane of 35 billion cubic meters by 2030;This target is assigned to Biomethane Production as it promotes the production of sustainable biomethane.;
TA4.6;TA4_Sustainable and smart mobility;Sustainable Aviation Fuels;;;;;;;;Of the SAF targets reported above, synthetic aviation fuels should represent a minimum share of 1.2% from 2030, 5% from 2035, 10% from 2034, 15% from 2045, and 35% from 2050.;This target is assigned to Sustainable Aviation Fuels as it promotes the use of synthetic aviation fuels.;
TA4.9;TA4_Sustainable and smart mobility;Transport Emissions Reduction;;;;;;;;Cut the emissions of transport sector by 90% by 2050 relative to 1990.;This target is assigned to Transport Emissions Reduction as it promotes the reduction of emissions in the transport sector.;
TA4.10;TA4_Sustainable and smart mobility;Fuel Efficiency;;;;;;;;EU fisheries are encouraged to continue the positive trend, as observed for the period 2009-2019, towards reducing fuel intensity by reducing the fossil-fuel consumption per kg of landed product for at least an additional 15% for the period 2019-2030.;This target is assigned to Fuel Efficiency as it promotes the reduction of fuel consumption.;
TA4.13;TA4_Sustainable and smart mobility;Electric Vehicles;;;;;;;;For [...] “urban buses” manufacturers shall comply with the 90% (in the reporting period 2030-2034) and 100% (as from 2035) minimum shares in their fleet of new heavy-duty vehicles;This target is assigned to Electric Vehicles as it promotes the use of electric buses.;
TA4.25;TA4_Sustainable and smart mobility;Charging Infrastructure;;;;;;;;Member States shall ensure that, at the end of each year, the following power output targets are met cumulatively: (a) for each light-duty battery electric vehicle registered in their territory, a total power output of at least 1.3 kW is provided through publicly accessible recharging stations, and (b) for each light-duty plug-in hybrid vehicle registered in their territory, a total power output of at least 0.80 kW is provided through publicly accessible recharging stations.;This target is assigned to Charging Infrastructure as it promotes the development of recharging stations.;
TA4.26;TA4_Sustainable and smart mobility;Charging Infrastructure;;;;;;;;Member States shall ensure that along the TEN-T core and comprehensive network, publicly accessible recharging pools dedicated to light-duty vehicles deployed in each direction of travel with a maximum distance of 60 km in-between them offering a power output of at least 600kW and including at least one recharging point with an individual power output of at least 150 kW.;This target is assigned to Charging Infrastructure as it promotes the development of recharging pools.;
TA4.29;TA4_Sustainable and smart mobility;Charging Infrastructure;;;;;;;;By 31 December 2030, in each urban node publicly accessible recharging points dedicated to heavy-duty electric vehicles with an aggregated power output of at least 1 800 kW are deployed, provided by recharging stations with an individual power output of at least 150 kW.;This target is assigned to Charging Infrastructure as it promotes the development of recharging points for heavy-duty electric vehicles.;
TA4.33;TA4_Sustainable and smart mobility;Electrification of Transport;;;;;;;;Member States shall ensure that at least one installation providing shore-side electricity supply to inland waterway vessels is deployed at all TEN-T core inland waterway ports by 1 January 2025, at least one installation providing shore-side electricity supply to inland waterway vessels is deployed at all TEN-T comprehensive inland waterway ports by 1 January 2030.;This target is assigned to Electrification of Transport as it promotes the use of shore-side electricity supply.;
TA4.1;TA4_Sustainable and smart mobility;Transport Emissions Reduction;;;;;;;;Reduce the average CO2 emissions of new heavy-duty motor vehicles by 90% by 2040;This target is assigned to Transport Emissions Reduction as it aims to reduce CO2 emissions from heavy-duty motor vehicles.;
TA4.2;TA4_Sustainable and smart mobility;Alternative Fuels;;;;;;;;Increase the share of alternative fuels in the transport sector to at least 24% by 2030;This target is assigned to Alternative Fuels as it aims to increase the share of alternative fuels in the transport sector.;
TA4.3;TA4_Sustainable and smart mobility;Electric Vehicle Charging;;;;;;;;Deploy at least 3 million public charging points for electric vehicles by 2030;This target is assigned to Electric Vehicle Charging as it aims to increase the number of public charging points for electric vehicles.;
TA4.4;TA4_Sustainable and smart mobility;Sustainable Aviation Fuels;;;;;;;;Increase the share of sustainable aviation fuels in the aviation sector to at least 2% by 2025;This target is assigned to Sustainable Aviation Fuels as it aims to increase the share of sustainable aviation fuels in the aviation sector.;
TA4.5;TA4_Sustainable and smart mobility;Maritime Emissions Reduction;;;;;;;;Reduce the emissions from the maritime transport sector by 50% by 2050;This target is assigned to Maritime Emissions Reduction as it aims to reduce emissions from the maritime transport sector.;
TA4.3;TA4_Sustainable and smart mobility;Reducing GHG;;;;;;;;The yearly average GHG intensity of the energy used on board by a ship during a reporting period shall be reduced, compared to the reference value (91.16 gCO2e/MJ) by: 2% from 1 January 2025, 6% from 1 January 2030, 14.5% from 1 January 2035, 31% from 1 January 2040, 62% from 1 January 2045, 80% from 1 January 2050.;"This target is assigned to the sub-theme ""Reducing Greenhouse Gas Emissions"" because it aims to reduce the GHG intensity of energy used on board ships.";The target is part of the effort to reduce greenhouse gas emissions from the transport sector, by promoting the use of cleaner fuels and more efficient ships.
TA4.7;TA4_Sustainable and smart mobility;Promoting Alternative Fuels;;;;;;;;Each Member State shall set an obligation on fuel suppliers to ensure that: (B) the combined share of advanced biofuels and biogas produced from the feedstock listed in Part A of Annex IX and of renewable fuels of non-biological origin in the energy supplied to the transport sector is at least 1% in 2025 and 5.5% in 2030, of which a share of at least 1 percentage point is from renewable fuels of non-biological origin in 2030.;"This target is assigned to the sub-theme ""Promoting Alternative Fuels"" because it aims to increase the share of advanced biofuels and renewable fuels of non-biological origin in the transport sector.";The target is part of the effort to promote alternative fuels and reduce dependence on fossil fuels, by setting obligations on fuel suppliers to increase the share of alternative fuels.
TA4.18;TA4_Sustainable and smart mobility;Promoting Sustainable Biofuels;;;;;;;;The share of biofuels and biogas produced from the feedstock listed in Part B of Annex IX in the energy content of fuels and electricity supplied to the transport sector shall, except in Cyprus and Malta, be limited to 1.7%.;"This target is assigned to the sub-theme ""Promoting Sustainable Biofuels"" because it aims to limit the share of biofuels produced from certain feedstocks.";The target is part of the effort to promote sustainable biofuels and reduce the environmental impact of biofuel production, by limiting the use of biofuels produced from feedstocks with high environmental impact.
TA4.32;TA4_Sustainable and smart mobility;Improving Energy Efficiency;;;;;;;;States shall ensure that, at all airports of the TEN-T core network and TEN-T comprehensive network, the provision of electricity supply to stationary aircraft is ensured by 31 December 2029, at all aircraft remote stands used for commercial air transport operations to embark or disembark passengers or to load or unload goods;"This target is assigned to the sub-theme ""Improving Energy Efficiency"" because it aims to increase the use of electricity to power stationary aircraft.";The target is part of the effort to improve energy efficiency and reduce greenhouse gas emissions from the transport sector, by promoting the use of electricity instead of fossil fuels to power aircraft.
TA4.1;TA4_Sustainable and smart mobility;Sustainable Transport;;;;;;;;Reduce transport emissions by at least 90% by 2050;"This target is assigned to the sub-theme ""Sustainable Transport"" because it aims to drastically reduce emissions from the transport sector.";
TA4.2;TA4_Sustainable and smart mobility;Alternative Fuels;;;;;;;;Increase the share of alternative fuels in transport to at least 24% by 2030;"This target is assigned to the sub-theme ""Alternative Fuels"" because it promotes the use of alternative fuels in the transport sector.";
TA4.3;TA4_Sustainable and smart mobility;Zero-Emission Vehicles;;;;;;;;Deploy at least 30 million zero-emission vehicles by 2030;"This target is assigned to the sub-theme ""Zero-Emission Vehicles"" because it specifically targets the deployment of zero-emission vehicles.";
TA4.4;TA4_Sustainable and smart mobility;Sustainable Transport Modes;;;;;;;;Improve public transport and promote walking and cycling;"This target is assigned to the sub-theme ""Sustainable Transport Modes"" because it promotes sustainable modes of transport like public transport, walking, and cycling.";
TA5.4;TA5_Greening the Common Agricultural Policy - Farm to Fork Strategy;Pesticide Reduction;;;;;;;;Reduce by 50% the use of more hazardous pesticides;This target is assigned to Pesticide Reduction as it promotes the reduction of hazardous pesticides.;
TA5.9;TA5_Greening the Common Agricultural Policy - Farm to Fork Strategy;Organic Farming;;;;;;;;Increase organic farming with the aim to achieve at least 25% of total farmland under organic farming by 2030;This target is assigned to Organic Farming as it promotes the increase of organic farming.;
TA5.12;TA5_Greening the Common Agricultural Policy - Farm to Fork Strategy;Biodiversity Conservation;;;;;;;;Genetic biodiversity of food production systems: Secure and ensure access to a range of quality seeds for plant varieties in order to adapt to the pressures of climate change.;This target is assigned to Biodiversity Conservation as it promotes the conservation of genetic biodiversity.;
TA5.15;TA5_Greening the Common Agricultural Policy - Farm to Fork Strategy;Sustainable Consumption;;;;;;;;Consumption footprint: Reduce the environmental and climate footprint of the EU food system, operating within planetary boundaries. Reduce the EU’s contribution to global deforestation and forest degradation.;This target is assigned to Sustainable Consumption as it promotes the reduction of environmental and climate footprint.;
TA5.19;TA5_Greening the Common Agricultural Policy - Farm to Fork Strategy;Food Affordability;;;;;;;;Price: Preserve the price affordability of food.;This target is assigned to Food Affordability as it promotes the preservation of price affordability.;
TA5.20;TA5_Greening the Common Agricultural Policy - Farm to Fork Strategy;Trade Competitiveness;;;;;;;;Trade: Foster the competitiveness of the EU supply sector.;This target is assigned to Trade Competitiveness as it promotes the competitiveness of the EU supply sector.;
TA5.21;TA5_Greening the Common Agricultural Policy - Farm to Fork Strategy;Digitalization;;;;;;;;Digitalisation and knowledge transfer. Ensure access to fast broadband to all farmers and all rural areas to achieve the objective of 100% access by 2025;This target is assigned to Digitalization as it promotes the access to fast broadband.;
TA5.22;TA5_Greening the Common Agricultural Policy - Farm to Fork Strategy;Sustainable Transport;;;;;;;;Transport, accessibility and infrastructure: Create shorter supply chains will support reducing dependence on long-haul transportation.;This target is assigned to Sustainable Transport as it promotes the creation of shorter supply chains.;
TA5.25;TA5_Greening the Common Agricultural Policy - Farm to Fork Strategy;Animal Welfare;;;;;;;;Animal welfare: Promote better animal welfare to improve animal health and food quality.;This target is assigned to Animal Welfare as it promotes the improvement of animal welfare.;
TA5.1;TA5_Greening the Common Agricultural Policy - Farm to Fork Strategy;Sustainable Agriculture;;;;;;;;Reduce the use of chemical pesticides by 50% by 2030;This target is assigned to Sustainable Agriculture as it aims to reduce the use of chemical pesticides.;
TA5.2;TA5_Greening the Common Agricultural Policy - Farm to Fork Strategy;Organic Farming;;;;;;;;Increase the share of organic farming to at least 25% by 2030;This target is assigned to Organic Farming as it aims to increase the share of organic farming.;
TA5.3;TA5_Greening the Common Agricultural Policy - Farm to Fork Strategy;Food Waste Reduction;;;;;;;;Reduce the generation of food waste by 30% by 2025;This target is assigned to Food Waste Reduction as it aims to reduce food waste generation.;
TA5.4;TA5_Greening the Common Agricultural Policy - Farm to Fork Strategy;Sustainable Packaging;;;;;;;;Increase the use of recycled materials in packaging to 30% by 2030;This target is assigned to Sustainable Packaging as it aims to increase the use of recycled materials in packaging.;
TA5.3;TA5_Greening the Common Agricultural Policy - Farm to Fork Strategy;Improving Soil Health;;;;;;;;Reduce nutrient losses by at least 50%, while ensuring that there is no deterioration in soil fertility.;"This target is assigned to the sub-theme ""Improving Soil Health"" because it aims to reduce nutrient losses and maintain soil fertility.";The target is part of the effort to improve soil health and reduce the environmental impact of agriculture, by promoting sustainable farming practices and reducing nutrient losses.
TA5.17;TA5_Greening the Common Agricultural Policy - Farm to Fork Strategy;Promoting Sustainable Agriculture;;;;;;;;Sectorial growth: Help farmers and fishers to strengthen their position in the supply chain and to capture a fair share of the added value of sustainable production.;"This target is assigned to the sub-theme ""Promoting Sustainable Agriculture"" because it aims to support farmers and fishers in sustainable production.";The target is part of the effort to promote sustainable agriculture and improve the economic viability of farmers and fishers, by helping them to strengthen their position in the supply chain and capture a fair share of the added value of sustainable production.
TA5.23;TA5_Greening the Common Agricultural Policy - Farm to Fork Strategy;Improving Working Conditions;;;;;;;;Employment and working conditions: Create new job opportunities. Improve working conditions, ensure occupation health and safety.;"This target is assigned to the sub-theme ""Improving Working Conditions"" because it aims to create new job opportunities and improve working conditions in the agricultural sector.";The target is part of the effort to improve the social sustainability of agriculture, by promoting decent working conditions and ensuring occupational health and safety.
TA5.32;TA5_Greening the Common Agricultural Policy - Farm to Fork Strategy;Ensuring Food Security;;;;;;;;Food security: Ensuring food security and access to quality, safe, sustainable, nutritious food for all.;"This target is assigned to the sub-theme ""Ensuring Food Security"" because it aims to ensure access to quality, safe, sustainable, and nutritious food for all.";The target is part of the effort to ensure food security and promote sustainable food systems, by ensuring that everyone has access to healthy and nutritious food.
TA5.33;TA5_Greening the Common Agricultural Policy - Farm to Fork Strategy;Promoting Healthy Diets;;;;;;;;Nutrition and healthy, sustainable diets: Move to healthier and more sustainable diets.;"This target is assigned to the sub-theme ""Promoting Healthy Diets"" because it aims to promote healthier and more sustainable diets.";The target is part of the effort to promote healthy and sustainable diets, by encouraging the consumption of nutritious and sustainable food.
TA5.35;TA5_Greening the Common Agricultural Policy - Farm to Fork Strategy;Improving Resilience;;;;;;;;Preparedness, shock resilience, adaptation and transformation: Strengthen the resilience of the EU food system. Build up resilience to climate change, possible future diseases and pandemics. Increasing the sustainability of food producers will ultimately increase their resilience.;"This target is assigned to the sub-theme ""Improving Resilience"" because it aims to strengthen the resilience of the EU food system.";The target is part of the effort to improve the resilience of the food system, by promoting sustainable agriculture and reducing the risk of climate-related shocks and diseases.
TA5.1;TA5_Greening the Common Agricultural Policy - Farm to Fork Strategy;Agricultural Emissions Reduction;;;;;;;;Reduce greenhouse gas emissions from agriculture by at least 55% by 2030;"This target is assigned to the sub-theme ""Agricultural Emissions Reduction"" because it aims to reduce emissions from agricultural activities.";
TA5.2;TA5_Greening the Common Agricultural Policy - Farm to Fork Strategy;Organic Farming;;;;;;;;Increase organic farming to at least 25% of total farmland by 2030;"This target is assigned to the sub-theme ""Organic Farming"" because it promotes the expansion of organic farming practices.";
TA5.3;TA5_Greening the Common Agricultural Policy - Farm to Fork Strategy;Sustainable Pest Management;;;;;;;;Reduce the use of chemical pesticides by 50% by 2030;"This target is assigned to the sub-theme ""Sustainable Pest Management"" because it aims to reduce the use of chemical pesticides.";
TA5.4;TA5_Greening the Common Agricultural Policy - Farm to Fork Strategy;Sustainable Food Systems;;;;;;;;Increase the share of plant-based diets and reduce food waste;"This target is assigned to the sub-theme ""Sustainable Food Systems"" because it promotes plant-based diets and reduction of food waste, contributing to more sustainable food systems.";
TA6.1;TA6_Preserving and protecting biodiversity;Habitat Protection;;;;;;;;1.a Legally protect a minimum of 30% of the EU’s land area;This target is assigned to Habitat Protection as it promotes the legal protection of land area.;
TA6.38;TA6_Preserving and protecting biodiversity;Urban Biodiversity;;;;;;;;Urban ecosystems. Member States shall achieve, in each urban ecosystem area, determined in accordance with Article 14(4), an increasing trend of urban tree canopy cover, measured every six years after 31 December 2030, until the satisfactory level identified in accordance with Article 14(5) is reached.;This target is assigned to Urban Biodiversity as it promotes the increase of urban tree canopy cover.;
TA6.43;TA6_Preserving and protecting biodiversity;Marine Conservation;;;;;;;;Marine ecosystems. Member States shall ensure, by 2030 at the latest, that the condition is known for at least 50% of the area distributed over all habitat types listed in groups 1–6 of Annex II.;This target is assigned to Marine Conservation as it promotes the conservation of marine ecosystems.;
TA6.46;TA6_Preserving and protecting biodiversity;Soil Conservation;;;;;;;;Agricultural ecosystems. Member States shall put in place measures which shall aim to restore organic soils in agricultural use constituting drained peatlands.;This target is assigned to Soil Conservation as it promotes the restoration of organic soils.;
TA6.47;TA6_Preserving and protecting biodiversity;Reforestation;;;;;;;;Trees. When identifying and implementing the restoration measures to meet the objectives and obligations set out in Articles 4, 6, 7, 8, 9 and 10, Member States shall aim to contribute to the commitment of planting at least three billion additional trees by 2030 at Union level.;This target is assigned to Reforestation as it promotes the planting of additional trees.;
TA6.49;TA6_Preserving and protecting biodiversity;Forest Conservation;;;;;;;;Forest ecosystems. Member States shall achieve an increasing trend at national level of the common forest bird index, as further set out in Annex VI, measured in the period from the date of entry into force of this Regulation until 31 December 2030, and every six years thereafter, until the satisfactory levels identified in accordance with Article 11(3) are reached;This target is assigned to Forest Conservation as it promotes the conservation of forest ecosystems.;
TA6.51;TA6_Preserving and protecting biodiversity;Water Quality;;;;;;;;Member States shall take the measures necessary to ensure that water intended for human consumption is wholesome and clean, by meeting several requirements related to micro-organisms and parasites which constitute a potential danger to human health and quality standards recalled in the Directive.;This target is assigned to Water Quality as it promotes the improvement of water quality.;
TA6.1;TA6_Preserving and protecting biodiversity;Habitat Protection;;;;;;;;Protect at least 30% of the EU’s land area and 30% of the EU’s sea area by 2030;This target is assigned to Habitat Protection as it aims to protect a significant portion of the EU's land and sea area.;
TA6.2;TA6_Preserving and protecting biodiversity;River Restoration;;;;;;;;Restore at least 25,000 km of free-flowing rivers by 2030;This target is assigned to River Restoration as it aims to restore free-flowing rivers.;
TA6.3;TA6_Preserving and protecting biodiversity;Reforestation;;;;;;;;Plant at least 3 billion additional trees by 2030;This target is assigned to Reforestation as it aims to plant additional trees.;
TA6.4;TA6_Preserving and protecting biodiversity;Sustainable Agriculture;;;;;;;;Reduce the use of chemical pesticides by 50% by 2030;This target is assigned to Sustainable Agriculture as it aims to reduce the use of chemical pesticides.;
TA6.5;TA6_Preserving and protecting biodiversity;Organic Farming;;;;;;;;Increase the share of organic farming to at least 25% by 2030;This target is assigned to Organic Farming as it aims to increase the share of organic farming.;
TA6.2;TA6_Preserving and protecting biodiversity;Protecting Marine Ecosystems;;;;;;;;Legally protect a minimum of 30% of the EU's sea area;"This target is assigned to the sub-theme ""Protecting Marine Ecosystems"" because it aims to protect a minimum of 30% of the EU's sea area.";The target is part of the effort to protect marine ecosystems and promote biodiversity, by establishing marine protected areas and reducing human impact on the marine environment.
TA6.3;TA6_Preserving and protecting biodiversity;Protecting Terrestrial Ecosystems;;;;;;;;Strictly protect at least a third of the EU'S protected areas;"This target is assigned to the sub-theme ""Protecting Terrestrial Ecosystems"" because it aims to strictly protect at least a third of the EU's protected areas.";The target is part of the effort to protect terrestrial ecosystems and promote biodiversity, by establishing protected areas and reducing human impact on the environment.
TA6.8;TA6_Preserving and protecting biodiversity;Protecting Pollinators;;;;;;;;The decline of pollinators is reversed;"This target is assigned to the sub-theme ""Protecting Pollinators"" because it aims to reverse the decline of pollinators.";The target is part of the effort to protect pollinators and promote biodiversity, by reducing the impact of human activities on pollinator populations and promoting sustainable agriculture practices.
TA6.10;TA6_Preserving and protecting biodiversity;Promoting Biodiversity in Agriculture;;;;;;;;At least 10% of agricultural area is under high-diversity landscape features;"This target is assigned to the sub-theme ""Promoting Biodiversity in Agriculture"" because it aims to increase the area of high-diversity landscape features in agriculture.";The target is part of the effort to promote biodiversity in agriculture, by encouraging the use of sustainable agriculture practices and reducing the impact of agriculture on the environment.
TA6.11;TA6_Preserving and protecting biodiversity;Restoring Forests;;;;;;;;Three billion trees are planted in the EU, in full respect of ecological principles;"This target is assigned to the sub-theme ""Restoring Forests"" because it aims to plant three billion trees in the EU.";The target is part of the effort to restore forests and promote biodiversity, by planting trees and promoting sustainable forest management practices.
TA6.13;TA6_Preserving and protecting biodiversity;Restoring Rivers;;;;;;;;At least 25.000 km of free-flowing rivers are restored;"This target is assigned to the sub-theme ""Restoring Rivers"" because it aims to restore at least 25,000 km of free-flowing rivers.";The target is part of the effort to restore rivers and promote biodiversity, by removing barriers and promoting sustainable river management practices.
TA6.14;TA6_Preserving and protecting biodiversity;Preventing Invasive Species;;;;;;;;There is a 50% reduction in the number of Red List species threatened by Invasive Alien Species (IAS);"This target is assigned to the sub-theme ""Preventing Invasive Species"" because it aims to reduce the number of Red List species threatened by invasive alien species.";The target is part of the effort to prevent the introduction and spread of invasive alien species, by promoting sustainable practices and reducing the impact of human activities on the environment.
TA6.16;TA6_Preserving and protecting biodiversity;Promoting Urban Biodiversity;;;;;;;;Cities with at least 20.000 inhabitants have an ambitious Urban Greening Plan;"This target is assigned to the sub-theme ""Promoting Urban Biodiversity"" because it aims to promote urban greening plans in cities with at least 20,000 inhabitants.";The target is part of the effort to promote urban biodiversity, by encouraging the creation of green spaces and reducing the impact of urbanization on the environment.
TA6.29;TA6_Preserving and protecting biodiversity;Restoring Ecosystems;;;;;;;;Terrestrial ecosystems. Member States shall put in place [...] measures [...] to jointly cover, as a Union target, throughout the areas and ecosystems [...] defined in Art. 2, by 2030, at least 20% of land areas in need of restoration and, by 2050, all ecosystems in need of restoration.;"This target is assigned to the sub-theme ""Restoring Ecosystems"" because it aims to restore at least 20% of land areas in need of restoration by 2030 and all ecosystems in need of restoration by 2050.";The target is part of the effort to restore ecosystems and promote biodiversity, by promoting sustainable land use practices and reducing the impact of human activities on the environment.
TA6.36;TA6_Preserving and protecting biodiversity;Promoting Recycling;;;;;;;;Member States shall take the necessary measures to attain a recycling target of 70% of glass by weight of glass contained in packaging waste generated by 31 December 2025 and of 75% by 31 December 2030;"This target is assigned to the sub-theme ""Promoting Recycling"" because it aims to increase the recycling rate of glass packaging waste.";The target is part of the effort to promote recycling and reduce waste, by increasing the recycling rate of glass packaging waste and promoting sustainable practices.
TA6.39;TA6_Preserving and protecting biodiversity;Restoring Rivers;;;;;;;;Natural connectivity of rivers and natural functions of the related floodplains. Member States shall make an inventory of artificial barriers and remove them to connectivity of surface waters and, taking into account their socio-economic functions, identify the barriers that need to be removed to contribute to the achievement of the restoration targets set out in Article 4 of this Regulation and of the objective of restoring at least 25.000 km of rivers into free-flowing rivers in the Union.;"This target is assigned to the sub-theme ""Restoring Rivers"" because it aims to restore natural connectivity of rivers and remove artificial barriers.";The target is part of the effort to restore rivers and promote biodiversity, by removing barriers and promoting sustainable river management practices.
TA6.40;TA6_Preserving and protecting biodiversity;Protecting Pollinators;;;;;;;;Member States shall, by putting in place in a timely manner appropriate and effective measures, improve pollinator diversity and reverse the decline of pollinator populations at the latest by 2030 and thereafter achieve an increasing trend of pollinator populations, measured at least every six years from 2030, until satisfactory levels are achieved, as set in accordance with Article 14(5).;"This target is assigned to the sub-theme ""Protecting Pollinators"" because it aims to improve pollinator diversity and reverse the decline of pollinator populations.";The target is part of the effort to protect pollinators and promote biodiversity, by reducing the impact of human activities on pollinator populations and promoting sustainable agriculture practices.
TA6.42;TA6_Preserving and protecting biodiversity;Restoring Ecosystems;;;;;;;;Ecosystems. Member States shall put in place the restoration measures that are necessary to re-establish the habitat types of groups 1-6 listed in Annex II in areas not covered by those habitat types with the aim to reach their favourable reference area.;"This target is assigned to the sub-theme ""Restoring Ecosystems"" because it aims to restore habitat types and promote biodiversity.";The target is part of the effort to restore ecosystems and promote biodiversity, by promoting sustainable land use practices and reducing the impact of human activities on the environment.
TA6.1;TA6_Preserving and protecting biodiversity;Biodiversity Conservation;;;;;;;;Protect and restore at least 30% of land and sea areas by 2030;"This target is assigned to the sub-theme ""Biodiversity Conservation"" because it aims to protect and restore significant portions of land and sea areas for biodiversity.";
TA6.2;TA6_Preserving and protecting biodiversity;River Restoration;;;;;;;;Restore at least 25,000 kilometers of free-flowing rivers by 2030;"This target is assigned to the sub-theme ""River Restoration"" because it specifically targets the restoration of free-flowing rivers.";
TA6.3;TA6_Preserving and protecting biodiversity;Reforestation;;;;;;;;Plant at least 3 billion trees by 2030;"This target is assigned to the sub-theme ""Reforestation"" because it promotes the planting of a significant number of trees.";
TA6.4;TA6_Preserving and protecting biodiversity;Sustainable Pest Management;;;;;;;;Reduce the risk and use of chemical pesticides by 50% by 2030;"This target is assigned to the sub-theme ""Sustainable Pest Management"" because it aims to reduce the risk and use of chemical pesticides, which is crucial for biodiversity conservation.";
TA7.8;TA7_Towards a zero-pollution ambition for a toxic free environment;Soil Conservation;;;;;;;;Improve soil quality by reducing nutrient losses use by 50%, by 2030;This target is assigned to Soil Conservation as it promotes the improvement of soil quality.;
TA7.11;TA7_Towards a zero-pollution ambition for a toxic free environment;Water Quality;;;;;;;;Improve water quality by reducing microplastics released into the environment (by 30%);This target is assigned to Water Quality as it promotes the improvement of water quality.;
TA7.1;TA7_Towards a zero-pollution ambition for a toxic free environment;Air Pollution Reduction;;;;;;;;Reduce the number of premature deaths caused by air pollution by 55% by 2030;This target is assigned to Air Pollution Reduction as it aims to reduce premature deaths caused by air pollution.;
TA7.2;TA7_Towards a zero-pollution ambition for a toxic free environment;Microplastics Reduction;;;;;;;;Reduce the concentration of microplastics in the environment by 30% by 2030;This target is assigned to Microplastics Reduction as it aims to reduce the concentration of microplastics in the environment.;
TA7.3;TA7_Towards a zero-pollution ambition for a toxic free environment;Noise Pollution Reduction;;;;;;;;Reduce the share of people chronically disturbed by transport noise by 30% by 2030;This target is assigned to Noise Pollution Reduction as it aims to reduce the share of people chronically disturbed by transport noise.;
TA7.4;TA7_Towards a zero-pollution ambition for a toxic free environment;Waste Reduction;;;;;;;;Reduce the generation of waste by 50% by 2030;This target is assigned to Waste Reduction as it aims to reduce waste generation.;
TA7.5;TA7_Towards a zero-pollution ambition for a toxic free environment;Waste Recycling;;;;;;;;Increase the recycling rate of municipal waste to 65% by 2030;This target is assigned to Waste Recycling as it aims to increase the recycling rate of municipal waste.;
TA7.6;TA7_Towards a zero-pollution ambition for a toxic free environment;Reducing Chemical Pollution;;;;;;;;Improve soil quality by reducing chemical pesticides’ use by 50%, by 2030;"This target is assigned to the sub-theme ""Reducing Chemical Pollution"" because it aims to reduce the use of chemical pesticides and improve soil quality.";The target is part of the effort to reduce chemical pollution and promote sustainable agriculture practices, by reducing the use of chemical pesticides and promoting alternative methods of pest control.
TA7.13;TA7_Towards a zero-pollution ambition for a toxic free environment;Reducing Air Pollution;;;;;;;;Reduce by 25% the EU ecosystems where air pollution threatens biodiversity, by 2030 (compared to 2005);"This target is assigned to the sub-theme ""Reducing Air Pollution"" because it aims to reduce the number of EU ecosystems where air pollution threatens biodiversity.";The target is part of the effort to reduce air pollution and promote biodiversity, by reducing emissions and promoting sustainable practices.
TA7.13;TA7_Towards a zero-pollution ambition for a toxic free environment;Protecting Ecosystems;;;;;;;;Reduce by 25% the EU ecosystems where air pollution threatens biodiversity, by 2030 (compared to 2005);"This target is also assigned to the sub-theme ""Protecting Ecosystems"" because it aims to protect EU ecosystems from air pollution.";The target is part of the effort to protect ecosystems and promote biodiversity, by reducing the impact of air pollution on ecosystems and promoting sustainable practices.
TA7.1;TA7_Towards a zero-pollution ambition for a toxic free environment;Air Quality Improvement;;;;;;;;Reduce air pollution to levels that do not harm human health and the environment by 2030;"This target is assigned to the sub-theme ""Air Quality Improvement"" because it aims to reduce air pollution to safe levels for human health and the environment.";
TA7.2;TA7_Towards a zero-pollution ambition for a toxic free environment;Waste Reduction;;;;;;;;Reduce waste generation by at least 50% by 2030;"This target is assigned to the sub-theme ""Waste Reduction"" because it focuses on significantly reducing waste generation.";
TA7.3;TA7_Towards a zero-pollution ambition for a toxic free environment;Single-Use Plastics Reduction;;;;;;;;Reduce the use of single-use plastics by 50% by 2030;"This target is assigned to the sub-theme ""Single-Use Plastics Reduction"" because it specifically targets the reduction of single-use plastics.";
TA7.4;TA7_Towards a zero-pollution ambition for a toxic free environment;Water Quality Improvement;;;;;;;;Improve water quality by reducing pollution from agricultural and industrial activities;"This target is assigned to the sub-theme ""Water Quality Improvement"" because it aims to reduce pollution in water bodies from various activities.";
TA7.5;TA7_Towards a zero-pollution ambition for a toxic free environment;Soil Pollution Reduction;;;;;;;;Reduce soil pollution by at least 50% by 2030;"This target is assigned to the sub-theme ""Soil Pollution Reduction"" because it focuses on reducing soil pollution.";
TA7.6;TA7_Towards a zero-pollution ambition for a toxic free environment;Noise Pollution Reduction;;;;;;;;Reduce noise pollution to levels that do not harm human health by 2030;"This target is assigned to the sub-theme ""Noise Pollution Reduction"" because it aims to reduce noise pollution to safe levels for human health.";