target_code;thematic_area;colour_tag;target_content;   
TA1.1;TA1_Climate_ambition;#orange;Climate Neutrality (2040 target under discussion);   
TA1.2;TA1_Climate_ambition;;2040 target under discussion;   
TA1.3;TA1_Climate_ambition;#orange;Reduce of 55% GHG emissions compared to 1990 levels (2040 target under discussion);   
TA1.4;TA1_Climate_ambition;;Achieve a climate-resilient society status, fully adapted to the unavoidable impacts of climate change;   
TA1.5;TA1_Climate_ambition;;CBAM;   
TA1.6;TA1_Climate_ambition;;Recast;   
TA1.7;TA1_Climate_ambition;#orange;Reduce methane emissions of 35% if compared to 2005 levels;   
TA1.8;TA2_Clean_affordable_and_secure_energy;#green;Reach energy neutrality in the wastewater treatment sector by 2040. To reach energy neutrality and the additional treatment of nitrogen, GHG emissions would be reduced by 4,86 million tonnes (37,32 % of the avoidable emissions from the sector);   
TA1.9;TA1_Climate_ambition;#orange;The contribution of the sectors covered by the EU ETS with respect to the EU Climate ambition should be of -62 % compared to 2005 (increasing the linear emissions reduction factor from 2.2 % per year up to 4.4 %);   
TA1.10;TA1_Climate_ambition;#orange;The total quantity of allowances for the new emissions trading system should follow a linear trajectory to reach the emission reduction target for 2030, taking into account the cost-efficient contribution of the buildings and road transport sectors of 43 % emission reductions by 2030 compared to 2005 and of the additional sectors, a combined cost-efficient contribution of 42 % emission reductions by 2030 compared to 2005.;   
TA1.11;TA1_Climate_ambition;#green;Upgrade national targets in line with an EU-wide reduction of 40% in the ESR sectors compared to 2005. Member States contribute to the overall EU reduction in 2030 with targets ranging from -10% to -50% below 2005 level (sectors: transport, buildings, agriculture and waste);   
TA1.12;TA1_Climate_ambition;#red;Achieve an EU net greenhouse gas removal of 310 million tonnes CO2 equivalent per year for the land use, land use change and forestry (LULUCF) sector;   
TA1.13;TA1_Climate_ambition;#orange;For the period from 2021 to 2025 each Member State shall ensure that greenhouse gas emissions  from the sector do not exceed greenhouse gas removals, calculated as the sum of total emissions and total removals on its territory in all of the land accounting categories (no debit rule). The accounting benchmark for the EU is ca. -229 Mt CO2e/yr for 2021-2025.;   
TA1.14;TA1_Climate_ambition;#orange;Each Member State shall ensure that the annual sum of its greenhouse gas emissions and removals on its territory and in all of the land reporting categories, in each year in the period from 2026 to 2030, does not exceed the limit established by a linear trajectory, ending in 2030 on the target set out for that Member State(no debit rule);   
TA1.15;TA1_Climate_ambition;#orange;Reduce buildings’ greenhouse gas emissions by 60%, compared to 2015 levels, by 2030;   
TA1.16;TA1_Climate_ambition;#orange;To achieve 55% reduction of GHG emission by 2030, methane emissions related to energy production and consumption should be reduced by 58% compared to the level in 2020;   
TA2.1;TA2_Clean_affordable_and_secure_energy;#orange;Renewable hydrogen will be key to replace natural gas, coal and oil in hard-to-decarbonise industries and transport. REPowerEU sets a target of 10 million tonnes of domestic renewable hydrogen production and 10 million tonnes of renewable hydrogen imports by 2030;   
TA2.2;TA2_Clean_affordable_and_secure_energy;#orange;Set up at least one renewables-based energy community in every municipality with a population higher than 10.000;   
TA2.3;TA2_Clean_affordable_and_secure_energy;#red;Member States shall ensure that the contribution of renewable fuels of non-biological origin used for final energy and non-energy purposes shall be at least 42 % of the hydrogen used for final energy and non-energy purposes in industry by 2030, and 60 % by 2035;   
TA2.4;TA2_Clean_affordable_and_secure_energy;#orange;Doubling the current deployment rate of individual heat pumps, resulting in a cumulative 10 million units by 2027 and 30 million units by 2030;   
TA2.5;TA2_Clean_affordable_and_secure_energy;#orange;Bring online over 320 GW of solar photovoltaic by 2025 and 600 GW by 2030;   
TA2.6;TA2_Clean_affordable_and_secure_energy;#orange;Energy demand to be covered by solar heat and geothermal should at least triple (currently rate at 1,5%);   
TA2.7;TA2_Clean_affordable_and_secure_energy;#orange;Over this decade, the EU will need to install, on average, approximately 45 GW per year of PV to reach the share of 45% of energy coming from renewables set out in the RePowerEU Plan;   
TA2.8;TA2_Clean_affordable_and_secure_energy;#grey;Ensure that energy poor and vulnerable consumers have access to solar energy, e.g. through social housing installations, energy communities, or financing support for individual installations;   
TA2.9;TA2_Clean_affordable_and_secure_energy;#orange;Member States shall collectively ensure that the share of energy from renewable sources in the Union’s gross final consumption of energy in 2030 is at least 42,5 %.;   
TA4.1;TA4_Sustainable_and_smart_mobility;#orange;"*The amendments in Dir. 2023/2413 are also intended to support the achievement of the Union’s target of an annual production of sustainable biomethane of 35 billion cubic meters by 2030, set out in the SWD(2022) 230 of 18 May 2022 accompanying the REPowerEU Plan
Taken from Directive (EU) 2023/2413 as regards the promotion of energy from renewable sources
";   
TA2.10;TA2_Clean_affordable_and_secure_energy;;Member States shall set an indicative target for innovative renewable energy technology of at least 5 % of newly installed renewable energy capacity by 2030;   
TA2.11;TA2_Clean_affordable_and_secure_energy;;By 31 December 2025, each Member State shall agree to establish a framework for cooperation on joint projects with one or more other Member States for the production of renewable energy, subject to the following: by 31 December 2030, Member States shall endeavour to agree on establishing at least two joint projects,  by 31 December 2033, Member States with an annual electricity consumption of more than 100 TWh shall endeavour to agree on establishing a third joint project;   
TA2.12;TA2_Clean_affordable_and_secure_energy;#orange;Member States shall endeavour to increase the share of renewable sources in the amount of energy sources used for final energy and non-energy purposes in the industry sector by an indicative increase of at least 1,6 percentage points as an annual average calculated for the periods 2021 to 2025 and 2026 to 2030.;   
TA2.13;TA2_Clean_affordable_and_secure_energy;#orange;Each Member State shall set an obligation on fuel suppliers to ensure that: (a) the amount of renewable fuels and renewable electricity supplied to the transport sector leads to a: (i) share of renewable energy within the final consumption of energy in the transport sector of at least 29 % by 2030, or i) greenhouse gas intensity reduction of at least 14,5 % by 2030, compared to the baseline set out in Article 27(1), point (b), in accordance with an indicative trajectory set by the Member State,;   
TA2.14;TA2_Clean_affordable_and_secure_energy;#orange;Member States shall endeavour to increase the share of energy from renewable sources and from waste heat and cold in district heating and cooling by an indicative 2,2 percentage points as an annual average calculated for the period 2021 to 2030, starting from the share of energy from renewable sources and from waste heat and cold in district heating and cooling in 2020;   
TA2.15;TA2_Clean_affordable_and_secure_energy;#green;By 2022 achieve 18% of the total increase in the share of energy from renewable sources between that Member State's binding 2020 national target, and its contribution to the 2030 target of share of energy from renewable sources in gross final consumption of energy. Achieve 43% by 2025, 65% by 2027;   
TA2.16;TA2_Clean_affordable_and_secure_energy;#orange;Each Member State shall increase the share of renewable energy in that sector by at least 0,8 percentage points as an annual average calculated for the period 2021 to 2025 and by at least 1,1 percentage points as an annual average calculated for the period 2026 to 2030, starting from the share of renewable energy in the heating and cooling sector in 2020;   
TA2.17;TA2_Clean_affordable_and_secure_energy;#orange;the Union’s 2030 targets for energy and climate” means the Union-wide binding target for reducing greenhouse gas emissions in 2030 referred to in Article 4(1) of Regulation (EU) 2021/1119, the Union’s binding target for renewable energy for 2030 set in Article 3(1) of Directive (EU) 2018/2001, the Union-level target for improving energy efficiency in 2030 referred to in Article 4(1) of Directive (EU) .../... of the European Parliament and of the Council*+ and the 15 % electricity interconnection target for 2030 or any subsequent targets in that regard agreed by the European Council or by the European Parliament and by the Council for 2030.;   
TA2.18;TA2_Clean_affordable_and_secure_energy; ;Member States shall determine an indicative national share of renewable energy produced on-site or nearby as well as renewable energy taken from the grid in final energy consumption in their building sector in 2030 that is consistent with an indicative target of at least a 49 % share of energy from renewable sources in the building sector in the Union’s final energy consumption in buildings in 2030;   
TA2.19;TA2_Clean_affordable_and_secure_energy;;The fisheries sector must follow the two mutually reinforcing paths of reducing energy intensity, on the one hand, and switching to renewable and low-carbon energy sources, on the other hand;   
TA2.20;TA2_Clean_affordable_and_secure_energy;#orange;Renovate each year at least 3% of the total floor area of buildings owned by all levels of public administration (as also agreed by Council-Parliament on 10.03.23);   
TA2.21;TA2_Clean_affordable_and_secure_energy;;Member States shall ensure that the total final energy consumption of all public bodies combined is reduced by at least 1,9 % each year, when compared to 2021 (art. 5.1 Directive);   
TA2.22;TA2_Clean_affordable_and_secure_energy;#orange;Member States shall collectively ensure a reduction of energy consumption of at least 11,7 % in 2030 compared to the projections of the 2020 EU Reference Scenario so that the Union’s final energy consumption amounts to no more than 763 Mtoe (art. 4 Directive);   
TA2.23;TA2_Clean_affordable_and_secure_energy;#orange;Member States shall make efforts to collectively contribute to the indicative Union primary energy consumption target amounting to no more than 992,5 Mtoe in 2030 (art. 4 Directive) -> 39% savings for primary energy consumption in the EU;   
TA2.24;TA2_Clean_affordable_and_secure_energy;#orange;Each Member State shall ensure that at least 3 % of the total floor area of heated and/or cooled buildings (of buildings which have a total useful floor area of over 250 m2) that are owned by public bodies is renovated each year to be transformed into at least nearly zero-energy buildings or zero-emission buildings in accordance with Article 9 of Directive 2010/31/EU;   
TA2.25;TA2_Clean_affordable_and_secure_energy;#red;Reduce buildings' final energy consumption by 14%;   
TA2.26;TA2_Clean_affordable_and_secure_energy;#orange;At least double the annual energy renovation rate of residential and non-residential buildings by 2030 and to foster deep energy renovations;   
TA2.27;TA2_Clean_affordable_and_secure_energy;#orange;Indicative national targets aiming to achieve the deep renovation of at least 35 million building units by 2030 to support reaching an annual energy renovation rate of 3 % or more for the period till 2050 (see latest test adopted by EP on 14.03.2023);   
TA2.28;TA2_Clean_affordable_and_secure_energy;#red;Reduce buildings' energy consumption for heating and cooling by 18%;   
TA2.29;TA2_Clean_affordable_and_secure_energy;;"For the non-residential building stock, the revised rules require to gradually improve it via minimum energy performance standards. This will lead to renovating the 16% worst-performing buildings by 2030 and the 26% worst-performing buildings by 2033. 
See ‘Commission welcomes political agreement on new rules to boost energy performance of buildings across the EU’ ";   
TA2.30;TA2_Clean_affordable_and_secure_energy;;"The revised directive will make zero-emission buildings the new standard for new buildings. Under the agreement all new residential and non-residential buildings must have zero on-site emissions from fossil fuels, as of 1 January 2028 for publicly-owned buildings and as of 1 January 2030 for all other new buildings, with a possibility for specific exemptions. 
See ‘Commission welcomes political agreement on new rules to boost energy performance of buildings across the EU’ ";   
TA2.31;TA2_Clean_affordable_and_secure_energy;;All existing buildings should be transformed into zero-emission buildings;   
TA2.32;TA2_Clean_affordable_and_secure_energy;;100% of on-site energy consumption to be covered by renewable energy as for new buildings;   
TA2.33;TA2_Clean_affordable_and_secure_energy;;"The national measures will have to ensure that at least 55% of the decrease of the average primary energy use is achieved through the renovation of the worst-performing buildings 

See ‘Commission welcomes political agreement on new rules to boost energy performance of buildings across the EU’ ";   
TA2.34;TA2_Clean_affordable_and_secure_energy; ;"Each Member State will adopt its own national trajectory to reduce the average primary energy use of residential buildings by 16% by 2030 and 20-22% by 2035 

See ‘Commission welcomes political agreement on new rules to boost energy performance of buildings across the EU’ ";   
TA2.35;TA2_Clean_affordable_and_secure_energy;;"Member States will also have to set out specific measures on the phase-out of fossil fuels in heating and cooling with a view to a complete phase-out of boilers powered by fossil fuels by 2040 
See ‘Commission welcomes political agreement on new rules to boost energy performance of buildings across the EU’ ";   
TA2.36;TA2_Clean_affordable_and_secure_energy;;See ‘Commission welcomes political agreement on new rules to boost energy performance of buildings across the EU’ ;   
TA2.37;TA2_Clean_affordable_and_secure_energy;#green;By 2030, the share of renewable energy in the electricity mix should double to 55-60%, and projections show a share of around 84% by 2050. The remaining gap should be covered by other low-carbon options;   
TA2.38;TA2_Clean_affordable_and_secure_energy;#orange;The strategy sets targets for an installed capacity of at least 60 GW of offshore wind by 2030 and at least 300 GW by 2050. Grounding on the revised TEN-E regulation, EU countries have agreed on new, ambitious long-term goals for the deployment of offshore renewable energy up to 2050 in each of the EU’s five sea basins. As a result, the cumulative EU offshore goals have the following ranges: 109-112 GW by 2030, 215-248 GW by 2040, and 281-354 GW by 2050. ;   
TA2.39;TA2_Clean_affordable_and_secure_energy;#orange;The strategy sets targets for an installed capacity of at least 1 GW of ocean energy by 2030 and 40 GW by 2050;   
TA2.40;TA2_Clean_affordable_and_secure_energy;#red;Around 30% of EU primary steel production is expected to be decarbonized on the basis of renewable hydrogen;   
TA3.1;TA2_Clean_affordable_and_secure_energy;#red;Halve the amount of residual (non-recycled) municipal waste;   
TA3.2;TA2_Clean_affordable_and_secure_energy;#orange;Reduce landfill to a maximum of 10% of municipal waste;   
TA3.3;TA2_Clean_affordable_and_secure_energy;#red;Double its circular material use rate in the coming decade;   
TA3.4;TA2_Clean_affordable_and_secure_energy;#grey;By 2030 textile products placed on the EU market are long-lived and recyclable, to a great extent made of recycled fibres, free of hazardous substances and produced in respect of social rights and the environment;   
TA3.5;TA2_Clean_affordable_and_secure_energy;#orange;By 2030 producers will have responsibility for their products along the value chain, including when they become waste. The circular textiles ecosystem is thriving, driven by sufficient capacities for innovative fibre-to-fibre recycling, while the incineration and landfilling of textiles is reduced to the minimum. ;   
TA3.6;TA2_Clean_affordable_and_secure_energy;;;   
TA3.7;TA3_Industrial_strategy_for_a_clean_and_circular_economy;;;   
TA3.8;TA3_Industrial_strategy_for_a_clean_and_circular_economy;#orange;Union's access to a secure and sustainable supply of critical raw materials by ensuring that the Union's extraction capacity is able to extract the ores, minerals or concentrates needed to produce at least 10% of the Union's annual consumption of strategic raw materials, to the extent that the Union’s reserves allow for this;   
TA3.9;TA3_Industrial_strategy_for_a_clean_and_circular_economy;#orange;Union's access to a secure and sustainable supply of critical raw materials by ensuring that the Union's processing capacity, including for all intermediate processing steps, is able to produce at least 40% of the Union's annual consumption of strategic raw materials;   
TA3.10;TA3_Industrial_strategy_for_a_clean_and_circular_economy;#orange;Union's access to a secure and sustainable supply of critical raw materials by ensuring that the Union's recycling capacity, including for all intermediate recycling steps, is able to produce at least 15% of the Union's annual consumption of strategic raw materials;   
TA3.11;TA3_Industrial_strategy_for_a_clean_and_circular_economy;#orange;Diversify the Union's imports of strategic raw materials with a view to ensure that the Union's annual consumption of each strategic raw material at any relevant stage of processing can rely on imports from several third countries, none of which provide more than 65% of the Union's annual consumption;   
TA3.12;TA3_Industrial_strategy_for_a_clean_and_circular_economy;#grey;by 2030, manufacturing capacity in the Union of the strategic net-zero technologies listed in the Annex approaches or reaches a benchmark of at least 40% of the Union’s annual deployment needs for the corresponding technologies necessary to achieve the Union’s 2030 climate and energy targets;   
TA3.13;TA3_Industrial_strategy_for_a_clean_and_circular_economy;;;   
TA3.14;TA3_Industrial_strategy_for_a_clean_and_circular_economy;;;   
TA3.15;TA3_Industrial_strategy_for_a_clean_and_circular_economy;#red;Producers of portable batteries or, where appointed in accordance with Article 57(1), producer responsibility organisations, shall ensure that all waste portable batteries, Light Means of Transport (LMT) and SLI batteries, regardless of their nature, chemical composition, condition, brand or origin, are collected separately in the territory of a Member State where they make these batteries available on the market for the first time.  ;   
TA3.16;TA3_Industrial_strategy_for_a_clean_and_circular_economy;#grey;"Producers of portable batteries or producer responsibility organisations, shall attain, and maintain durably, at least the 
following collection targets for waste portable batteries: 45 % by 31 December 2023, 63 % by 31 December 2027, 73 % by 31 December 2030.";   
TA3.17;TA3_Industrial_strategy_for_a_clean_and_circular_economy;#grey;Producers of LMT (Light Means of Transport) batteries or producer responsibility organisations, shall attain, and maintain durably, at least the following collection targets of waste LMT batteries: 51 % by 31 December 2028, 61 % by 31 December 2031.;   
TA3.18;TA3_Industrial_strategy_for_a_clean_and_circular_economy;#grey;"Recycled content in industrial batteries, electric vehicle batteries, LMT batteries and SLI batteries: Cobalt:  16 % by 2031 (26% by 2036), Lead: 85% (85%), Nickel: 6% (12%), Lithium 6% (15%)
";   
TA3.19;TA3_Industrial_strategy_for_a_clean_and_circular_economy;#grey;"All batteries incorporated in market products shall be readily removable and replaceable by the end-user at any time during the lifetime (except some derogations)
";   
TA3.20;TA3_Industrial_strategy_for_a_clean_and_circular_economy;#green;"Recycling shall achieve at least the following targets for recycling efficiency:
No later than 31 December 2025
-	75% by average weight of lead-acid batteries,
-	80% by average weight of nickel-cadmium batteries
-	50% by average weight of other waste batteries
No later than 31 December 2030
-	80% by average weight of lead-acid batteries,";   
TA3.21;TA3_Industrial_strategy_for_a_clean_and_circular_economy;#orange;"Recycling shall achieve at least the following targets for recycling efficiency:
No later than 31 December 2025
-	65% by average weight of lithium-based batteries,
No later than 31 December 2030
-	70% by average weight of lithium-based batterie";   
TA3.22;TA3_Industrial_strategy_for_a_clean_and_circular_economy;#green;"All recycling shall achieve at least the following targets for recovery of materials: 
No later than 31 December 2027
-90% for cobalt, copper, lead and nickel, 
No later than 31 December 2031: 
-95% for cobalt, copper, lead, and nickel, 
";   
TA3.23;TA3_Industrial_strategy_for_a_clean_and_circular_economy;#orange;"All recycling shall achieve at least the following targets for recovery of materials: 
No later than 31 December 2027
-50% lithium
No later than 31 December 2031: 
-80% lithium";   
TA3.24;TA3_Industrial_strategy_for_a_clean_and_circular_economy;#orange;Reduce the generation of food waste in processing and manufacturing by 10% in comparison to the amount generated in 2020;   
TA3.25;TA3_Industrial_strategy_for_a_clean_and_circular_economy;#orange;Reduce the generation of food waste per capita, jointly in retail and other distribution of food, in restaurants and food services and in households, by 30 % in comparison to the amount generated in 2020;   
TA3.26;TA3_Industrial_strategy_for_a_clean_and_circular_economy;;;   
TA3.27;TA3_Industrial_strategy_for_a_clean_and_circular_economy;#grey;Making all packaging recyclable (see European Parliament resolution of 10 February 2021 on the New Circular Economy Action Plan, the New Circular Economy Action Plan and art. 5 of this Proposal);   
TA3.28;TA3_Industrial_strategy_for_a_clean_and_circular_economy;#orange;"The plastic part in packaging shall contain the following minimum percentage of recycled content recovered from post-consumer plastic waste, per unit of packaging:
From 1 January 2030
(i) 30% for contact sensitive packaging made from polyethylene terephthalate (PET) as major component,
(ii) 10% for contact sensitive made from plastic materials other than PET, except single use plastic bottles,
(iii) 30% for single use plastic beverage bottles,
(iv) 35% for other plastic packaging
From 1 January 2040
(v) 50% for contact sensitive plastic packaging, except single use plastic beverage bottles,
(vi) 65% for single use plastic beverage bottles,
(vii) 65% for other plastic packaging";   
TA3.29;TA3_Industrial_strategy_for_a_clean_and_circular_economy;#green;Member States shall take measures to achieve a sustained reduction in the consumption of lightweight plastic carrier bags on their territory. A sustained reduction is achieved if the annual consumption does not exceed 40 lightweight plastic carrier bags per person, or the equivalent target in weight, by 31 December 2025, and subsequently by 31 December in each year thereafter;   
TA3.30;TA3_Industrial_strategy_for_a_clean_and_circular_economy;#red;Reduce packaging waste by 5% per Member State per capita compared to 2018 by 2030, 10% by 2035 and 15% by 2040;   
TA3.31;TA3_Industrial_strategy_for_a_clean_and_circular_economy;#orange;Recycling or preparing for re-use 65% of all packaging waste by 2025, 70% by 2030;   
TA3.32;TA3_Industrial_strategy_for_a_clean_and_circular_economy;#orange;Recycling of plastic in packaging: 55%;   
TA3.33;TA3_Industrial_strategy_for_a_clean_and_circular_economy;#green;Recycling of wood in packaging: 30%;   
TA3.34;TA3_Industrial_strategy_for_a_clean_and_circular_economy;#green;Recycling of ferrous metals in packaging: 80%;   
TA3.35;TA3_Industrial_strategy_for_a_clean_and_circular_economy;#green;Recycling of aluminium in packaging: 60%;   
TA3.36;TA3_Industrial_strategy_for_a_clean_and_circular_economy;#green;Recycling of glass in packaging: 75%;   
TA3.37;TA3_Industrial_strategy_for_a_clean_and_circular_economy;#green;Recycling of paper and cardboard in packaging: 85%;   
TA3.38;TA3_Industrial_strategy_for_a_clean_and_circular_economy;;;   
TA3.39;TA3_Industrial_strategy_for_a_clean_and_circular_economy;#orange;From 2025, beverage bottles listed in Part F of the Annex which are manufactured from polyethylene terephthalate as the major component (‘PET bottles’) contain at least 25 % recycled plastic, calculated as an average for all PET bottles placed on the market on the territory of that Member State;   
TA3.40;TA3_Industrial_strategy_for_a_clean_and_circular_economy;#orange;Member States shall meet the target of 77% by weight for the separate collection for recycling of waste single-use plastic beverage bottles by 2025 and 90% by 2029;   
TA3.41;TA3_Industrial_strategy_for_a_clean_and_circular_economy;;From 2019, the minimum collection rate to be achieved annually shall be 65 % of the average weight of EEE placed on the market in the three preceding years in the Member State concerned, or alternatively 85 % of WEEE generated on the territory of that Member State.;   
TA3.42;TA3_Industrial_strategy_for_a_clean_and_circular_economy;;"From 15 August 2018, the recovery targets for the WEEE falling within the following categories of Annex III shall be:
-	85% for Category 1 (temperature exchange equipment) or Category 4 (large equipment with any external dimension more than 50 cm)
-	80% for Category 2 (e.g., screens and monitors)
-	75% for Category 5 (small equipment with no external dimension more than 50 cm) or 6 (Small IT and telecommunication equipment with no external dimension more than 50 cm).
";   
TA3.43;TA3_Industrial_strategy_for_a_clean_and_circular_economy;;"From 15 August 2018, the preparation for re-use targets for the WEEE falling within the following categories of Annex III shall be:
-	80% for Category 1 or Category 4 
-	70% for Category 2 
-	55% for Category 5 or Category 6
";   
TA3.44;TA3_Industrial_strategy_for_a_clean_and_circular_economy;;"From 15 August 2018, the recycling targets for the WEEE falling within the following categories of Annex III shall be:
- 0% for Category 1 or Category 4 
- 70% for Category 2 
- 55% for Category 5 or Category 6";   
TA3.45;TA3_Industrial_strategy_for_a_clean_and_circular_economy;#orange;By 2025, the preparing for re-use and recycling of municipal waste shall be increased to a minimum of 55% by weight (60% by 2030, 65% by 2035);   
TA3.46;TA3_Industrial_strategy_for_a_clean_and_circular_economy;;Member States should aim to achieve an indicative Union-wide food waste reduction target of 30 % by 2025 and 50 % by 2030;   
TA3.47;TA3_Industrial_strategy_for_a_clean_and_circular_economy;#green;Hazardous household waste will have to be collected separately by 2022, bio-waste by 2023 and textiles by 2025;   
TA3.48;TA3_Industrial_strategy_for_a_clean_and_circular_economy;;;   
TA4.2;TA3_Industrial_strategy_for_a_clean_and_circular_economy;;;   
TA4.3;TA3_Industrial_strategy_for_a_clean_and_circular_economy;#red;"The yearly average GHG intensity of the energy used on board by a ship during a reporting period shall not exceed these limits:
2 % from 1 January 2025,
6 % from 1 January 2030,
14,5 % from 1 January 2035,
31 % from 1 January 2040,
62 % from 1 January 2045,
80 % from 1 January 2050.";   
TA4.4;TA3_Industrial_strategy_for_a_clean_and_circular_economy;#red;A target for the use of RFNBO of 2% of the energy used on board by a ship from 2034;   
TA4.5;TA3_Industrial_strategy_for_a_clean_and_circular_economy;#red;Starting from 2025, at least 2% of aviation fuels will be green, with this share increasing every five years: 6% in 2030, 20% in 2035, 34% in 2040, 42% in 2045 and 70% in 2050. Hydrogen and fuel produced from cooking oil or waste gases considered green (link agreement Council - Parliament on 25.04.2023);   
TA4.6;TA3_Industrial_strategy_for_a_clean_and_circular_economy;#red;Synthetic aviation fuels are expected to play a role in the decarbonisation of the sector already by 2030 and should contribute to at least 35% of the aviation fuel mix by 2050, according to the EC proposal for ReFuelEU Aviation;   
TA4.7;TA3_Industrial_strategy_for_a_clean_and_circular_economy;#green;Each Member State shall set an obligation on fuel suppliers to ensure that: (B) the combined share of advanced biofuels and biogas produced from the feedstock listed in Part A of Annex IX and of renewable fuels of nonbiological origin in the energy supplied to the transport sector is at least 1 % in 2025 and 3,5 % in 2030, of which a share of at least 1 percentage point is from renewable fuels of non-biological origin in 2030;   
TA4.8;TA4_Sustainable_and_smart_mobility;;Member States with maritime ports should endeavour to ensure that from 2030 the share of renewable fuels of non-biological origin in the total amount of energy supplied to the maritime transport sector is at least 1,2 %.;   
TA4.9;TA4_Sustainable_and_smart_mobility;#orange;Cut the emissions of transport sector by 90%;   
TA4.10;TA4_Sustainable_and_smart_mobility;;EU fisheries are encouraged to continue the positive trend, as observed for the period 2009-2019, towards reducing fuel intensity by reducing the fossil-fuel consumption per kg of landed product for at least an additional 15% for the period 2019-2030;   
TA4.11;TA4_Sustainable_and_smart_mobility;#grey;Reduce the average door-to-door cost of combined transport operations by at least 10% within 7 years;   
TA4.12;TA4_Sustainable_and_smart_mobility;#red;GHG intensity reduction target in the maritme sector (link Agreement Council - Parliament on 23.03.2023): -2% from 1 January 2025, -6% from 1 January 2030, -14.5% from 1 January 2035, -31% from 1 January 2040, -62% from 1 January 2045, -80% from 1 January 2050);   
TA4.13;TA4_Sustainable_and_smart_mobility;#orange;For new urban buses the share of zeroemissions vehicles shall be 100% as from the reporting period of the year 2030;   
TA4.14;TA4_Sustainable_and_smart_mobility;#red;Renewable and low-carbon fuels should represent between 6% and 9% of the international maritime transport fuel mix by 2030 and between 86% and 88% by 2050;   
TA4.15;TA4_Sustainable_and_smart_mobility;#orange;The average CO2 emissions of the Union fleet of new heavy-duty motor vehicles, other than special purpose, off-road, off-road special purpose, and vocational vehicles shall be reduced by the following percentages compared to the average CO2 emissions of the reporting period of the year 2019: (a) for vehicle sub-groups 4-UD, 4-RD, 4-LH, 5-RD, 5-LH, 9-RD, 9-LH, 10-RD, 10-LH for the reporting periods of the years 2025 to 2029 by 15 %, for all vehicle sub-groups for the reporting periods of the years 2030 to 2034 by 45 %, (c) for all vehicle sub-groups for the reporting periods of the years 2035 to 2039 by 65 %, (d) for all vehicle sub-groups for the reporting periods of the years 2040 onwards by 90%;   
TA4.16;TA4_Sustainable_and_smart_mobility;;From 1 January 2020, this Regulation sets an EU fleet-wide target of 95 g CO2/km for the average emissions of new passenger cars and an EU fleet-wide target of 147 g CO2/km for the average emissions of new light commercial vehicles registered in the Union, as measured until 31 December 2020 in accordance with Regulation (EC) No 692/2008 together with Implementing Regulations (EU) 2017/1152 and (EU) 2017/1153, and from 1 January 2021 measured in accordance with Regulation (EU) 2017/1151.;   
TA4.17;TA4_Sustainable_and_smart_mobility;;This Regulation will, until 31 December 2024, be complemented by additional measures corresponding to a reduction of 10 g CO2/km as part of the Union's integrated approach referred to in the Commission's communication of 7 February 2007 entitled ‘Results of the review of the Community Strategy to reduce CO2 emissions from passenger cars and light-commercial vehicles;   
TA4.18;TA4_Sustainable_and_smart_mobility;;;   
TA4.19;TA4_Sustainable_and_smart_mobility;;;   
TA4.20;TA4_Sustainable_and_smart_mobility;#orange;In the first phase, from 2020 up to 2024, the strategic objective is to install at least 6 GW of renewable hydrogen electrolysers in the EU and the production of up to 1 million tonnes of renewable hydrogen. In the second phase, from 2025 up to 2030, the strategic objective is to install at least 40 GW of renewable hydrogen electrolysers and the production of up to 10 million tonnes of renewable hydrogen in the EU ;   
TA4.21;TA4_Sustainable_and_smart_mobility;;In a third phase, from 2030 onwards and towards 2050, renewable hydrogen technologies should reach maturity and be deployed at large scale to reach all hard-to-decarbonise sectors where other alternatives might not be feasible or have higher costs. In this phase, renewable electricity production needs to massively increase as about a quarter of renewable electricity might be used for renewable hydrogen production by 2050;   
TA4.22;TA4_Sustainable_and_smart_mobility;#orange;Build three million public electric charging points by 2030. Build one million public electric charging points by 2025. ;   
TA4.23;TA4_Sustainable_and_smart_mobility;#red;Build 1.000 hydrogen stations by 2030. By 2025, build half of the 1.000 hydrogen stations needed for 2030;   
TA4.24;TA4_Sustainable_and_smart_mobility;;;   
TA4.25;TA4_Sustainable_and_smart_mobility;;Member States shall ensure that, at the end of each year, starting from the year referred to in Article 26, the following power output targets are met cumulatively: (a) for each light-duty battery electric vehicle registered in their territory, a total power output of at least 1,3 kW is provided through publicly accessible recharging stations, and (b) for each light-duty plug-in hybrid vehicle registered in their territory, a total power output of at least 0,80 kW is provided through publicly accessible recharging stations;   
TA4.26;TA4_Sustainable_and_smart_mobility;#grey;Member States shall ensure that along the TEN-T core and comprehensive networks, publicly accessible recharging pools dedicated to light-duty vehiclesdeployed in each direction of travel with a maximum distance of 60 km in-between them offering a power output of at least 600kW and including at least one recharging point with an individual power output of at least 150 kW;   
TA4.27;TA4_Sustainable_and_smart_mobility;#grey;By 31 December 2030 (with intermediate 2025 and 2027 targets), along the TEN-T core road network, publicly accessible recharging pools dedicated to heavy-duty electric vehicles are deployed in each direction of travel with a maximum distance of 60 km between them [...] (with intermediate 2025 and 2027 targets). Along the TEN-T comprehensive road network, recharging pools dedicated to heavy-duty electric vehicles are deployed in each direction of travel with a maximum distance of 100 km between them and each recharging pool offers a power output of at least 1 500 kW and includes at least one recharging point with an individual power output of at least 350 kW;   
TA4.28;TA4_Sustainable_and_smart_mobility;#grey;by 31 December 2030, in each safe and secure parking area at least four publicly accessible recharging stations dedicated to heavy-duty electric vehicles with an individual power output of at least 100 kW are deployed;   
TA4.29;TA4_Sustainable_and_smart_mobility;;By 31 December 2030, in each urban node publicly accessible recharging points dedicated to heavy-duty electric vehicles with an aggregated power output of at least 1 800 kW are deployed, provided by recharging stations with an individual power output of at least 150 kW.;   
TA4.30;TA4_Sustainable_and_smart_mobility;#orange;Member States shall ensure that, by 31 December 2030, at least one publicly accessible hydrogen refuelling station is deployed in each urban node.;   
TA4.31;TA4_Sustainable_and_smart_mobility;#orange;Member States shall ensure that by 31 December 2030 publicly accessible hydrogen refuelling stations designed for a minimum cumulative capacity of 1 tonne per day and equipped with at least a 700 bar dispenser are deployed with a maximum distance of 200 km between them along the TEN-T core network;   
TA4.32;TA4_Sustainable_and_smart_mobility;;Member States shall ensure that, at all airports of the TEN-T core network and TEN-T comprehensive network, the provision of electricity supply to stationary aircraft is ensured by 31 December 2029, at all aircraft remote stands used for commercial air transport operations to embark or disembark passengers or to load or unload goods;   
TA4.33;TA4_Sustainable_and_smart_mobility;;Member States shall ensure that at least one installation providing shore-side electricity supply to inland waterway vessels is deployed at all TEN-T core inland waterway ports by 1 January 2025, at least one installation providing shore-side electricity supply to inland waterway vessels is deployed at all TEN-T comprehensive inland waterway ports by 1 January 2030.;   
TA4.34;TA4_Sustainable_and_smart_mobility;;Member States shall ensure that a minimum shore-side electricity supply for seagoing container ships and seagoing passenger ships is provided in TEN-T maritime ports. To that end, by 31 December 2029 TEN-T core and comprehensive maritime ports [...] are equipped to provide each year shore-side electricity supply for at least 90 % of the total number of port calls of seagoing container ships above 5.000 gross tonnes that are moored at the quayside at the maritime port concerned and 90% of the total number of port calls of seagoing ro-ro passenger ships above 5 000 gross tonnes and seagoing high-speed passenger craft above 5 000 gross tonnes that are moored at the quayside at the maritime port concerned;   
TA4.35;TA4_Sustainable_and_smart_mobility;;;   
TA4.36;TA4_Sustainable_and_smart_mobility;#orange;Transport by inland waterways and short sea shipping will increase by 25% compared to 2015, by 2030. They will increase by 50% by 2050.;   
TA4.37;TA4_Sustainable_and_smart_mobility;#orange;Rail freight traffic will increase by 50% compared to 2015 by 2030. It will double by 2050. ;   
TA4.38;TA4_Sustainable_and_smart_mobility;#orange;High-speed rail traffic will double compared to 2015, by 2030. It will triple by 2050.;   
TA4.39;TA4_Sustainable_and_smart_mobility;#orange;The multimodal Trans-European Transport Network (TEN-T) equipped for sustainable and smart transport with high speed connectivity will be operational for the core network, by 2030. It will be operational for the comprehensive network, by 2050.;   
TA4.40;TA4_Sustainable_and_smart_mobility;#grey;Rail and waterborne-based intermodal transport will be able to compete on equal footing with road-only transport in the EU;   
TA4.41;TA4_Sustainable_and_smart_mobility;;;   
TA4.42;TA4_Sustainable_and_smart_mobility;;;   
TA4.43;TA4_Sustainable_and_smart_mobility;;Scheduled collective travel of under 500 km should be carbon neutral within the EU;   
TA4.44;TA4_Sustainable_and_smart_mobility;;Nearly all cars, vans, buses as well as new heavy-duty vehicles will be zero-emission;   
TA4.45;TA4_Sustainable_and_smart_mobility;;There will be at least 30 million zero-emission cars and 80.000 zero-emission lorries in operation;   
TA4.45;TA4_Sustainable_and_smart_mobility;;Zero-emission ocean-going vessels will become market ready;   
TA4.46;TA4_Sustainable_and_smart_mobility;;Zero-emission large zero-emission aircraft will become market ready;   
TA4.47;TA4_Sustainable_and_smart_mobility;;Euro 7 pollutant limits;   
TA4.48;TA4_Sustainable_and_smart_mobility;;;   
TA4.49;TA4_Sustainable_and_smart_mobility;;;   
TA4.50;TA4_Sustainable_and_smart_mobility;#grey;All external costs of transport within the EU will be covered by the transport users;   
TA4.51;TA4_Sustainable_and_smart_mobility;#green;Seamless multimodal passenger transport will be facilitated by integrated electronic ticketing;   
TA4.37;TA4_Sustainable_and_smart_mobility;#grey;Freight transport will be paperless;   
TA4.53;TA4_Sustainable_and_smart_mobility;#orange;The death toll for all modes of transport in the EU will be close to zero;   
TA4.54;TA4_Sustainable_and_smart_mobility;#grey;Active transport modes, such as cycling, have seen growth with cities announcing over 2300 km of extra cycling infrastructure. This should be doubled in the next decade towards 5000 km in safe bike lanes;   
TA4.55;TA4_Sustainable_and_smart_mobility;;Zero-emission in urban logistics;   
TA4.56;TA4_Sustainable_and_smart_mobility;#green;Increase the uptake of short-sea shipping instead of using more polluting modes;   
TA4.57;TA4_Sustainable_and_smart_mobility;;Renovate the EU’s maritime fleet (e.g. passenger ships and supply vessels for offshore installations) to improve their energy efficiency;   
TA4.58;TA4_Sustainable_and_smart_mobility;;Pursue the objective of zero-emission ports;   
TA5.1;TA4_Sustainable_and_smart_mobility;;;   
TA5.2;TA4_Sustainable_and_smart_mobility;#orange;Reduce overall EU sales of antimicrobials for farmed animals and in aquaculture by 50% by 2030.   ;   
TA5.3;TA4_Sustainable_and_smart_mobility;#orange;Reduce nutrient losses by at least 50%, while ensuring no deterioration on soil fertility;   
TA5.4;TA4_Sustainable_and_smart_mobility;#green;Reduce by 50% the use of more hazardous pesticides (target in common with the Biodiversity Strategy and Zero Pollution Action Plan);   
TA5.5;TA4_Sustainable_and_smart_mobility;#green;Reduce by 50% the use and risk of chemical pesticides (target in common with the Biodiversity Strategy and Zero Pollution Action Plan);   
TA5.6;TA4_Sustainable_and_smart_mobility;#orange;Increase sustainable fishing and aquaculture. Bring fish stocks to sustainable levels. Significant increase in organic aquaculture (target in common with CFP);   
TA5.7;TA5_Greening_the_Common_Agricultural_Policy;#orange;Tackle climate change: climate change adaptation and mitigation. Ensure that agriculture, fisheries and aquaculture, and the food value chain contribute to the target of reducing greenhouse gas emissions to at least 55% below 1990 levels by 2030 and to the achievement of the objective for a climate neutral Union in 2050. ;   
TA5.8;TA5_Greening_the_Common_Agricultural_Policy;#orange;Sustainable use of water. Preserving freshwater, boosting water reuse in agriculture.  ;   
TA5.9;TA5_Greening_the_Common_Agricultural_Policy;#orange;Increase organic farming with the aim to achieve at least 25% of total farmland under organic farming by 2030 (target in common with the Biodiversity Strategy 2030)  ;   
TA5.10;TA5_Greening_the_Common_Agricultural_Policy;#red;Increase renewable energy in agriculture and food sector. Adopt energy efficiency solutions in the agriculture and food sector, by reducing energy consumption in the sector;   
TA5.11;TA5_Greening_the_Common_Agricultural_Policy;#red;Protect the environment and restore natural resources. Preserve biodiversity and reduce biodiversity loss.  ;   
TA5.12;TA5_Greening_the_Common_Agricultural_Policy;#green;Secure and ensure access to a range of quality seeds for plant varieties in order to adapt to the pressures of climate change  ;   
TA5.13;TA5_Greening_the_Common_Agricultural_Policy;#orange;Reduce food waste. Prevent food loss and waste. Halve per capita food waste at retail and consumer levels;   
TA5.14;TA5_Greening_the_Common_Agricultural_Policy;#grey;Scale-up and promote sustainable and socially responsible production methods and circular business models in food processing and retail. ;   
TA5.15;TA5_Greening_the_Common_Agricultural_Policy;#red;Reduce the environmental and climate footprint of the EU food system, operating within planetary boundaries;   
TA5.16;TA5_Greening_the_Common_Agricultural_Policy;#green;Ensure fair income and salaries. Improve income of primary producers to ensure their sustainable livelihood.  ;   
TA5.17;TA5_Greening_the_Common_Agricultural_Policy;#green;Help farmers and fishers to strengthen their position in the supply chain and to capture a fair share of the added value of sustainable production   ;   
TA5.18;TA5_Greening_the_Common_Agricultural_Policy;#green;Improve agricultural rules that strengthen the position of farmers (e.g. producers of products with geographical indications), their cooperatives and producer organisations in the food supply chain._;   
TA5.19;TA5_Greening_the_Common_Agricultural_Policy;#red;Preserve the affordability of food.  ;   
TA5.20;TA5_Greening_the_Common_Agricultural_Policy;#orange;Foster the competitiveness of the EU supply sector  ;   
TA5.21;TA5_Greening_the_Common_Agricultural_Policy;#orange;Ensure access to fast broadband to all farmers and all rural areas (enabler for jobs, businesses, investments, improvement in quality of life in rural areas and enabler to mainstream precision farming and use of artificial intelligence)  ;   
TA5.22;TA5_Greening_the_Common_Agricultural_Policy;#orange;Create shorter supply chains will support reducing dependence on long-haul transportation.  ;   
TA5.23;TA5_Greening_the_Common_Agricultural_Policy;#red;Create new job opportunities.   ;   
TA5.24;TA5_Greening_the_Common_Agricultural_Policy;#grey;Ensure Fair, inclusive and ethical value chains. Improve working conditions, ensure occupation health and safety. Ensure workers’ social protection and housing conditions, promote socially responsible production methods, Mitigate the socio-economic consequences impacting the food chain and ensure that the key principles enshrined in the European Pillar of Social Rights are respected, especially when it comes to precarious, seasonal and undeclared workers.  ;   
TA5.25;TA5_Greening_the_Common_Agricultural_Policy;#grey;Promote better animal welfare to improve animal health and food quality   ;   
TA5.26;TA5_Greening_the_Common_Agricultural_Policy;;Strengthen educational messages on the importance of healthy nutrition, sustainable food production and consumption, and reducing food waste. ;   
TA5.27;TA5_Greening_the_Common_Agricultural_Policy;#grey;Provide food information and labelling to empower consumers to make informed, healthy and sustainable food choices  ;   
TA5.28;TA5_Greening_the_Common_Agricultural_Policy;;Extend the mandatory origin or provenance indications to certain products.  ;   
TA5.29;TA5_Greening_the_Common_Agricultural_Policy;#orange;Improve availability of sustainable food. Ensure that the healthy option is always the easiest one. Ensure food supply.   ;   
TA5.30;TA5_Greening_the_Common_Agricultural_Policy;#orange;Ensure affordability and access to sufficient, nutritious and sustainable food.  ;   
TA5.31;TA5_Greening_the_Common_Agricultural_Policy;#grey;Increase reformulation of food products in line with guidelines for healthy and sustainable diets  ;   
TA5.32;TA5_Greening_the_Common_Agricultural_Policy;#orange;Ensuring all access to quality, safe, sustainable, nutritious food.;   
TA5.33;TA5_Greening_the_Common_Agricultural_Policy;#orange;Move to healthier and more sustainable diets  ;   
TA5.34;TA5_Greening_the_Common_Agricultural_Policy;#red;Reverse prevalence of overweight and diet-related diseases   ;   
TA5.35;TA5_Greening_the_Common_Agricultural_Policy;#orange;Strengthen the resilience of the EU food system. Build up resilience to possible future diseases and pandemics.  Increasing the sustainability of food producers will ultimately increase their resilience.   ;   
TA5.36;TA5_Greening_the_Common_Agricultural_Policy;;;   
TA5.37;TA5_Greening_the_Common_Agricultural_Policy;;;   
TA6.1;TA5_Greening_the_Common_Agricultural_Policy;#orange;1.a Legally protect a minimum of 30% of the EU's land area;   
TA6.2;TA5_Greening_the_Common_Agricultural_Policy;#orange;1.b Legally protect a minimum of 30% of the EU's sea area;   
TA6.3;TA5_Greening_the_Common_Agricultural_Policy;#orange;2.a Strictly protect at least a third of the EU'S protected areas;   
TA6.4;TA5_Greening_the_Common_Agricultural_Policy;#green;2b. Strictly protect all remaining EU primary and old-growth forests (target partially in common with the Forest Strategy);   
TA6.5;TA5_Greening_the_Common_Agricultural_Policy;#grey;3. Effectively manage all protected areas, defining clear conservation objectives and measures, and monitoring them appropriately;   
TA6.7;TA5_Greening_the_Common_Agricultural_Policy;#grey;4. By 2030, significant areas of degraded and carbon-rich ecosystems are restored. Habitats and species show no deterioration in conservation trends and status, and at least 30% reach favourable conservation status or at least show a positive trend. ;   
TA6.8;TA6_Preserving_and_protecting_biodiversity;#red;"5. The decline of pollinators is reversed (the target is in common with ""A New Deal for Pollinators"")";   
TA6.9;TA6_Preserving_and_protecting_biodiversity;;6. The risk and use of chemical pesticides is reduced by 50%, and the use of more hazardous pesticides is reduced by 50% (target partially in common with the Farm to Fork Strategy);   
TA6.10;TA6_Preserving_and_protecting_biodiversity;#grey;7. At least 10% of agricultural area is under high-diversity landscape features;   
TA6.11;TA6_Preserving_and_protecting_biodiversity;#orange;9. Three billion trees are planted in the EU, in full respect of ecological principles;   
TA6.12;TA6_Preserving_and_protecting_biodiversity;#orange;10. Significant progress in the remediation of contaminated soil sites;   
TA6.13;TA6_Preserving_and_protecting_biodiversity;;11. At least 25.000 km of free-flowing rivers are restored;   
TA6.14;TA6_Preserving_and_protecting_biodiversity;#grey;12. There is a 50% reduction in the number of Red List species threatened by invasive alien species;   
TA6.15;TA6_Preserving_and_protecting_biodiversity;#orange;13. The losses of nutrients from fertilisers are reduced by 50%, resulting in the reduction of the use of fertilisers by at least 20%;   
TA6.16;TA6_Preserving_and_protecting_biodiversity;#grey;14. Cities with at least 20.000 inhabitants have an ambitious Urban Greening Plan;   
TA6.17;TA6_Preserving_and_protecting_biodiversity;#orange;15. The negative impacts on sensitive species and habitats, including on the seabed through fishing and extraction activities, are substantially reduced to achieve good environmental status;   
TA6.18;TA6_Preserving_and_protecting_biodiversity;#grey;16. The by-catch of species is eliminated or reduced to a level that allows species recovery and conservation ;   
TA6.19;TA6_Preserving_and_protecting_biodiversity;;;   
TA6.20;TA6_Preserving_and_protecting_biodiversity;;;   
TA6.21;TA6_Preserving_and_protecting_biodiversity;#orange;Combat desertification, restore degraded land and soil, including land affected by desertification, drought and floods, and strive to achieve a land degradation-neutral world (SDG 15.3) ;   
TA6.22;TA6_Preserving_and_protecting_biodiversity;;;   
TA6.23;TA6_Preserving_and_protecting_biodiversity;;;   
TA6.24;TA6_Preserving_and_protecting_biodiversity;;;   
TA6.25;TA6_Preserving_and_protecting_biodiversity;;;   
TA6.26;TA6_Preserving_and_protecting_biodiversity;#grey;Ensure that incidental catches of sensitive marine species, including those listed under Directives 92/43/EEC and 2009/147/EC, that are a result of fishing, are minimised and where possible eliminated so that they do not represent a threat to the conservation status of these species;   
TA6.27;TA6_Preserving_and_protecting_biodiversity;;Optimise exploitation patterns to provide protection for juveniles and spawning aggregations of marine biological resources;   
TA6.28;TA6_Preserving_and_protecting_biodiversity;#orange;In accordance with the CFP, all harvested stocks should be fished at maximum sustainable yield (MSY);   
TA6.29;TA6_Preserving_and_protecting_biodiversity;;;   
TA6.30;TA6_Preserving_and_protecting_biodiversity;;;   
TA6.31;TA6_Preserving_and_protecting_biodiversity;;;   
TA6.32;TA6_Preserving_and_protecting_biodiversity;#grey;(chapter I - art. 2: subject matter) Member States shall put in place effective and area-based restoration measures with the aim to jointly cover, as a Union target, throughout the areas and ecosystems within the scope as defined in Article 2, by 2030, at least 20 % of land areas in need of restoration and, by 2050, all ecosystems in need of restoration ;   
TA6.33;TA6_Preserving_and_protecting_biodiversity;#orange;(chapter I - art. 2: subject matter) Member States shall put in place effective and area-based restoration measures with the aim to jointly cover, as a Union target, throughout the areas and ecosystems within the scope as defined in Article 2, by 2030, at least 20 % of sea areas in need of restoration and, by 2050, all ecosystems in need of restoration ;   
TA6.34;TA6_Preserving_and_protecting_biodiversity;#grey;(terrestrial, coastal and freshwater ecosystems) Member States shall put in place the restoration measures that are necessary to improve to good condition areas of habitat types listed in Annex I which are not in good condition. Such measures shall be in place: (a) on at least 30 % by 2030 of the total area of all habitat types listed in Annex I that is not in good condition, as quantified in the national restoration plan referred to in Article 12, (b) on at least 60 % by 2040 and on at least 90 % by 2050 of the area of each group of habitat types listed in Annex I that is not in good condition, as quantified in the national restoration plan referred to in Article 12.;   
TA6.35;TA6_Preserving_and_protecting_biodiversity;#grey;(terrestrial, coastal and freshwater ecosystems) Member States shall put in place the restoration measures that are necessary to re-establish the habitat types listed in Annex I in areas not covered by those habitat types with the aim to reach their favourable reference area. Such measures shall be in place on areas representing at least 30 % of the additional overall surface needed to reach the total favourable reference area of each group of habitat types listed in Annex I, as quantified in the national restoration plan referred to in Article 12, by 2030, at least 60 % of that surface by 2040, and 100 % of that surface by 2050;   
TA6.36;TA6_Preserving_and_protecting_biodiversity;#grey;(terrestrial, coastal and freshwater ecosystems) Member States shall put in place the restoration measures for the terrestrial, coastal and freshwater habitats of the species listed in Annexes II, IV and V to Directive 92/43/EEC and of the terrestrial, coastal and freshwater habitats of wild birds covered by Directive 2009/147/EC that are, in addition to the restoration measures in accordance with paragraphs 1 and 2 of this Article, necessary to improve the quality and quantity of those habitats, including by re-establishing them, and to enhance connectivity, until sufficient quality and quantity of those habitats is achieved;   
TA6.37;TA6_Preserving_and_protecting_biodiversity;#red;(terrestrial, coastal and freshwater ecosystems) Member States shall ensure that the condition is known for at least 90% of area distributed overall habitat types listed in Annex I by 2030 and 100% by 2040. ;   
TA6.38;TA6_Preserving_and_protecting_biodiversity;#orange;(terrestrial, coastal and freshwater ecosystems) Member States shall ensure that there is: (a) an increase of habitat area in good condition for habitat types listed in Annex I until at least 90 % is in good condition and until the favourable reference area for each habitat type in each biogeographic region of the Member State concerned is reached, (b) an increasing trend towards the sufficient quality and quantity of the terrestrial, coastal and freshwater habitats of the species referred to in Annexes II, IV and V to Directive 92/43/EEC and of the species covered by Directive 2009/147/EC;   
TA6.39;TA6_Preserving_and_protecting_biodiversity;;"(urban ecosystems) Member States shall ensure that there is no net loss in the total national area of urban green
space, and of urban tree canopy cover in urban ecosystem areas. Member States may exclude from that total national area the urban ecosystem areas in which the share of urban green space in the urban centres and urban clusters exceeds 45 % and the share of urban tree canopy cover therein exceeds 10 %";   
TA6.40;TA6_Preserving_and_protecting_biodiversity;;(urban ecosystems) Member States shall achieve thereafter an increasing trend in the total national area of urban green space, including through integration of urban green space into buildings and infrastructure, in urban ecosystem areas, determined in accordance with Article 11(2b), measured every six years after 31 December 2030, until a satisfactory level identified in accordance with Article 11(3) is reached;   
TA6.41;TA6_Preserving_and_protecting_biodiversity;;(urban ecosystems) Member States shall achieve, in each urban ecosystem area, determined in accordance with Article 11(2b), an increasing trend of urban tree canopy cover, measured every six years after 31 December 2030, until the satisfactory level identified in accordance with Article 11(3) is reached.;   
TA6.42;TA6_Preserving_and_protecting_biodiversity;#grey;(Restoration of the natural connectivity of rivers and natural functions of the related floodplains) Member States shall make an inventory of artificial barriers to connectivity of surface waters and remove them, taking into account their socio-economic functions, to contribute to the achievement of the restoration targets set out in Article 4 of this Regulation and of the objective of restoring at least 25.000 km of rivers into free-flowing rivers in the Union. ;   
TA6.43;TA6_Preserving_and_protecting_biodiversity;#red;(pollinator) Member States shall, by putting in place appropriate and effective measures, improve pollinator diversity and reverse the decline of pollinator populations at the latest by 2030 and achieve thereafter an increasing trend of pollinator populations, following the entry into force of the Regulation and measured every six years after 2030, until satisfactory levels are achieved, as set out in accordance with Article 11(3).;   
TA6.44;TA6_Preserving_and_protecting_biodiversity;#grey;(marine ecosystems) Member States shall put in place the restoration measures that are necessary to improve to good condition areas of habitat types listed in Annex II which are not in good condition. Such measures shall be in place: (a) on at least 30% by 2030 of the total area of groups 1–6 of habitat types listed in Annex II that is not in good condition, as quantified in the national restoration plan referred to in Article 12, (b) on at least 60 % by 2040 and on at least 90 % by 2050 of the area of each of the groups 1–6 of habitat types listed in Annex II that is not in good condition, as quantified in the national restoration plan referred to in Article 12, (c) on at least two thirds of the percentage, referred to in point (d), by 2040 of the area of group 7 of habitat types listed in Annex II that is not in good condition, as quantified in the national restoration plan referred to in Article 12 [...];   
TA6.45;TA6_Preserving_and_protecting_biodiversity;#red;(marine ecosystem) Member States shall put in place the restoration measures that are necessary to re-establish the habitat types of groups 1-6 listed in Annex II in areas not covered by those habitat types with the aim to reach their favourable reference area. Such measures shall be in place on areas representing at least 30 % of the additional overall surface needed to reach the total favourable reference area of each group of habitat types, as quantified in the national restoration plan referred to in Article 12, by 2030, at least 60 % of that surface by 2040, and 100 % of that surface by 2050;   
TA6.46;TA6_Preserving_and_protecting_biodiversity;#red;(marine ecosystem) Member States shall ensure, by 2030 at the latest, that the condition is known for at least 50% of the area distributed over all habitat types listed in groups 1–6 of Annex II. The condition of all areas of groups 1–6 of habitat types listed in Annex II shall be known by 2040. Member States shall also ensure, by 2040 at the latest, that the condition is known for at least 50% of the area distributed over all habitat types listed in group 7 of Annex II. The condition of all areas of group 7 of habitat types listed in Annex II shall be known by 2050.;   
TA6.47;TA6_Preserving_and_protecting_biodiversity;;(agricultural ecosystems) Member States shall put in place measures which shall aim to achieve an increasing trend at national level of at least two out of the three following indicators in agricultural ecosystems, as further specified in Annex IV, measured in the period from the date of entry into force of this Regulation until 31 December 2030, and every six years thereafter, until the satisfactory levels, identified in accordance with Article 11(3), are reached: (a) grassland butterfly index, (b) stock of organic carbon in cropland mineral soils, (c) share of agricultural land with high-diversity landscape features.;   
TA6.48;TA6_Preserving_and_protecting_biodiversity;#red;(agricultural ecosystems) Member States shall put in place restoration measures which shall aim to ensure that the common farmland bird index at national level based on the species specified in Annex V reaches the following levels: (a) 110 by 2030, 120 by 2040 and 130 by 2050, for Member States listed in Annex V with historically more depleted populations of farmland birds, (b) 105 by 2030, 110 by 2040 and 115 by 2050, for Member States listed in Annex V with historically less depleted populations of farmland birds. ;   
TA6.49;TA6_Preserving_and_protecting_biodiversity;;(agricultural ecosystems) Member States shall put in place measures which shall aim to restore organic soils in agricultural use constituting drained peatlands. Those measures shall be in place on at least: (a) 30 % of such areas by 2030, of which at least a quarter shall be rewetted, (b) 40 % of such areas by 2040, of which at least a third shall be rewetted, (c) 50 % of such areas by 2050, of which at least a third shall be rewetted.;   
TA6.50;TA6_Preserving_and_protecting_biodiversity;#orange;(trees) When identifying and implementing the restoration measures to meet the objectives and obligations set out in Articles 4, 6, 7, 8, 9 and 10, Member States shall aim to contribute to the commitment of planting at least three billion additional trees by 2030 at Union level.;   
TA6.51;TA6_Preserving_and_protecting_biodiversity;;(forest ecosystems) Member States shall achieve an increasing trend at national level of at least six out of seven of the following indicators in forest ecosystems, as further set out in Annex VI, chosen on the basis of their ability to demonstrate the enhancement of biodiversity of forest ecosystems within the Member State concerned. The trend shall be measured in the period from the date of entry into force of this Regulation until 31 December 2030, and every six years thereafter, until the satisfactory levels identified in accordance with Article 11(3) are reached: (a) standing deadwood (b) lying deadwood (c) share of forests with uneven-aged structure, (d) forest connectivity, (e) stock of organic carbon, (f) share of forests dominated by native tree species, (g) tree species diversity;   
TA6.52;TA6_Preserving_and_protecting_biodiversity;#green;(forest ecosystems) Member States shall achieve an increasing trend at national level of the common forest bird index, as further set out in Annex VI, measured in the period from the date of entry into force of this Regulation until 31 December 2030, and every six years thereafter, until the satisfactory levels identified in accordance with Article 11(3) are reached;   
TA6.53;TA6_Preserving_and_protecting_biodiversity;;;   
TA6.54;TA6_Preserving_and_protecting_biodiversity;;Promoting the sustainable forest bioeconomy for long-lived wood products;   
TA6.55;TA6_Preserving_and_protecting_biodiversity;;Ensuring sustainable use of wood-based resources for bioenergy;   
TA6.56;TA6_Preserving_and_protecting_biodiversity;;Promoting non-wood forest-based bioeconomy, including ecotourism;   
TA6.57;TA6_Preserving_and_protecting_biodiversity;;Developing skills and empowering people for sustainable forest-based bioeconomy;   
TA6.58;TA6_Preserving_and_protecting_biodiversity;#green;Protecting EU’s last remaining primary and old-growth forests;   
TA6.59;TA6_Preserving_and_protecting_biodiversity;#orange;Ensuring forest restoration and reinforced sustainable forest management for climate adaptation and forest resilience;   
TA6.60;TA6_Preserving_and_protecting_biodiversity;#green;Providing financial incentives for forest owners and managers for improving the quantity and quality of EU forests;   
TA6.61;TA6_Preserving_and_protecting_biodiversity;;;   
TA6.62;TA6_Preserving_and_protecting_biodiversity;#red;Reach no net land take ;   
TA6.63;TA6_Preserving_and_protecting_biodiversity;;Restore degraded land and soil, including land affected by desertification, drought and floods;   
TA7.1;TA6_Preserving_and_protecting_biodiversity;#green;The obligation to set up urban wastewater collecting systems is extended to all agglomerations with a p.e. of 1.000 or more and all source of urban wastewater should be connected to them;   
TA7.2;TA6_Preserving_and_protecting_biodiversity;#orange;Establish locally integrated urban wastewater management plans to combat pollution from rain waters (urban runoff and storm water overflow). Plans will need to be drawn up for all agglomerations with a p.e. of 100 000 or more and for all agglomerations with a p.e. of between 10 000 and 100 000 p.e. where storm water overflow or urban runoff poses a risk to the environment or human health;   
TA7.3;TA6_Preserving_and_protecting_biodiversity;#green;Member States will be required to improve and maintain access to sanitation for all, in particular for vulnerable and marginalised;   
TA7.4;TA6_Preserving_and_protecting_biodiversity;;Member States shall take the measures necessary to ensure that water intended for human consumption is wholesome and clean. For the purposes of the minimum requirements of this Directive, water intended for human consumption shall be wholesome and clean if all the following requirements are met: (a) that water is free from any micro-organisms and parasites and from any substances which, in numbers or concentrations, constitute a potential danger to human health, (b) that water meets the minimum requirements set out in Parts A, B and D of Annex I, (c) Member States have taken all other measures necessary to comply with Articles 5 to 14.;   
TA7.5;TA6_Preserving_and_protecting_biodiversity;;The Ambient Air Quality Directives set EU air quality standards for 12 air pollutants: sulphur dioxide, nitrogen dioxide / nitrogen oxides, particulate matter (PM10, PM2.5), ozone, benzene, lead, carbon monoxide, arsenic, cadmium, nickel, and benzo(a)pyrene. The Directives take into account relevant World Health Organisation standards, guidelines and programmes. The Directives also guide the assessment of air quality by establishing a representative high-quality monitoring network, with more than 4.000 air quality monitoring stations across the EU, and by exchanging reliable, objective, comparable information on air quality, including to a wider public. Where levels are elevated above limit or target values, Member States should prepare an air quality plan or programme to address the sources responsible to ensure compliance and to keep exceedance periods as short as possible. In addition, information on air quality should be disseminated to the public. ;   
TA7.6;TA6_Preserving_and_protecting_biodiversity;;;   
TA7.7;TA7_Towards_a_zero_pollution_ambition_for_a_toxic_free_environment;;Reach good chemical and quantitative status in groundwaters and surfacewaters;   
TA7.8;TA7_Towards_a_zero_pollution_ambition_for_a_toxic_free_environment;;;   
TA7.9;TA7_Towards_a_zero_pollution_ambition_for_a_toxic_free_environment;;;   
TA7.10;TA7_Towards_a_zero_pollution_ambition_for_a_toxic_free_environment;#green;Improve soil quality by reducing nutrient losses and chemical pesticides’ use by 50% (target partially in common with the Farm to Fork strategy and Biodiversity strategy) - focus on soil quality and pesticides;   
TA7.11;TA7_Towards_a_zero_pollution_ambition_for_a_toxic_free_environment;#orange;Improve soil quality by reducing nutrient losses and chemical pesticides’ use by 50% (target partially in common with the Farm to Fork strategy and Biodiversity strategy) - focus on water quality and chemical pesticides;   
TA7.12;TA7_Towards_a_zero_pollution_ambition_for_a_toxic_free_environment;;Develop measures to significantly increase efforts to identify, investigate, assess and remediate contaminated sites, so that soil pollution will no longer pose a health or environmental risk (target in common with the Biodiversity Strategy);   
TA7.13;TA7_Towards_a_zero_pollution_ambition_for_a_toxic_free_environment;#green;Improve air quality to reduce the number of premature deaths caused by air pollution by 55%;   
TA7.14;TA7_Towards_a_zero_pollution_ambition_for_a_toxic_free_environment;#orange;Improve water quality by reducing waste, plastic litter at sea (by 50%) and microplastics released into the environment (by 30%);   
TA7.15;TA7_Towards_a_zero_pollution_ambition_for_a_toxic_free_environment;#grey;Improve water quality by reducing waste, plastic litter at sea (by 50%) and microplastics released into the environment (by 30%);   
TA7.16;TA7_Towards_a_zero_pollution_ambition_for_a_toxic_free_environment;#green;Reduce by 25% the EU ecosystems where air pollution threatens biodiversity;   
TA7.17;TA7_Towards_a_zero_pollution_ambition_for_a_toxic_free_environment;#orange;Reduce the share of people chronically disturbed by transport noise by 30%;   
TA7.18;TA7_Towards_a_zero_pollution_ambition_for_a_toxic_free_environment;;Reduce significantly total waste generation and by 50% residual municipal waste;   
TA7.19;TA7_Towards_a_zero_pollution_ambition_for_a_toxic_free_environment;#orange;Improve soil quality by reducing nutrient losses and chemical pesticides’ use by 50% (target partially in common with the Farm to Fork strategy and Biodiversity strategy) - focus on water quality and nutrient loss;   
TA7.20;TA7_Towards_a_zero_pollution_ambition_for_a_toxic_free_environment;#orange;Having all soils in healthy condition by 2050;   
TA7.21;TA7_Towards_a_zero_pollution_ambition_for_a_toxic_free_environment;;Minimise or eliminate the use of pesticides in sensitive areas such as urban green areas (target not strictly reported in the Biodiversity dashboard platform);   
TA7.22;TA7_Towards_a_zero_pollution_ambition_for_a_toxic_free_environment;;"The revision of the Ambient Air Quality Directives would merge the Directives into one, and seek to: align EU air quality standards more closely with WHO recommendations further improve the legislative framework (e.g. in relation to penalties, and public information)
The Directive sets out a zero pollution objective for air quality, so that within the Union air quality is progressively improved to levels no longer considered harmful to human health and natural ecosystems, as defined by scientific evidence, thus contributing to a toxic-free environment at the latest by 2050.";   
TA7.23;TA7_Towards_a_zero_pollution_ambition_for_a_toxic_free_environment;#orange;Remove micropollutants from wastewater. An additional treatment, i.e. quaternary treatment, should therefore be introduced in order to ensure that a large spectrum of micro-pollutants is removed from urban wastewater. All urban wastewater treatment plants of 100 000 p.e. and above should provide quaternary treatment. For agglomerations of between 10 000 p.e. and 100 000 p.e., Member States should be required to apply quaternary treatment to areas identified as sensitive to pollution with micro-pollutants based on clear criteria, which should be specified. ;   
TA7.24;TA7_Towards_a_zero_pollution_ambition_for_a_toxic_free_environment;#green;Improve nutrient removal from wastewater. Tertiary treatment should be systematically imposed to all urban wastewater treatment plants of 100 000 p.e. and above, as such plants represent an important remaining source of nitrogen and phosphorus discharge. Tertiary treatment should also be mandatory in agglomerations of 10 000 p.e. and above that are discharging in areas subject to, or at risk of, eutrophication.;   
TA7.25;TA7_Towards_a_zero_pollution_ambition_for_a_toxic_free_environment;;;   